-- phpMyAdmin SQL Dump
-- version 4.8.4
-- https://www.phpmyadmin.net/
--
-- Host: 127.0.0.1:3306
-- Generation Time: Apr 17, 2019 at 11:47 AM
-- Server version: 5.7.24
-- PHP Version: 7.2.14

SET SQL_MODE = "NO_AUTO_VALUE_ON_ZERO";
SET AUTOCOMMIT = 0;
START TRANSACTION;
SET time_zone = "+00:00";


/*!40101 SET @OLD_CHARACTER_SET_CLIENT=@@CHARACTER_SET_CLIENT */;
/*!40101 SET @OLD_CHARACTER_SET_RESULTS=@@CHARACTER_SET_RESULTS */;
/*!40101 SET @OLD_COLLATION_CONNECTION=@@COLLATION_CONNECTION */;
/*!40101 SET NAMES utf8mb4 */;

--
-- Database: `napi`
--

-- --------------------------------------------------------

--
-- Table structure for table `migrations`
--

DROP TABLE IF EXISTS `migrations`;
CREATE TABLE IF NOT EXISTS `migrations` (
  `id` int(10) UNSIGNED NOT NULL AUTO_INCREMENT,
  `migration` varchar(191) COLLATE utf8mb4_unicode_ci NOT NULL,
  `batch` int(11) NOT NULL,
  PRIMARY KEY (`id`)
) ENGINE=MyISAM AUTO_INCREMENT=5 DEFAULT CHARSET=utf8mb4 COLLATE=utf8mb4_unicode_ci;

--
-- Dumping data for table `migrations`
--

INSERT INTO `migrations` (`id`, `migration`, `batch`) VALUES
(1, '2014_10_12_000000_create_users_table', 1),
(2, '2014_10_12_100000_create_password_resets_table', 1),
(3, '2019_04_16_125430_create_products_table', 1),
(4, '2019_04_16_125453_create_reviews_table', 1);

-- --------------------------------------------------------

--
-- Table structure for table `password_resets`
--

DROP TABLE IF EXISTS `password_resets`;
CREATE TABLE IF NOT EXISTS `password_resets` (
  `email` varchar(191) COLLATE utf8mb4_unicode_ci NOT NULL,
  `token` varchar(191) COLLATE utf8mb4_unicode_ci NOT NULL,
  `created_at` timestamp NULL DEFAULT NULL,
  KEY `password_resets_email_index` (`email`)
) ENGINE=MyISAM DEFAULT CHARSET=utf8mb4 COLLATE=utf8mb4_unicode_ci;

-- --------------------------------------------------------

--
-- Table structure for table `products`
--

DROP TABLE IF EXISTS `products`;
CREATE TABLE IF NOT EXISTS `products` (
  `id` bigint(20) UNSIGNED NOT NULL AUTO_INCREMENT,
  `name` varchar(191) COLLATE utf8mb4_unicode_ci NOT NULL,
  `detail` text COLLATE utf8mb4_unicode_ci NOT NULL,
  `price` int(11) NOT NULL,
  `stock` int(11) NOT NULL,
  `discount` int(11) NOT NULL,
  `created_at` timestamp NULL DEFAULT NULL,
  `updated_at` timestamp NULL DEFAULT NULL,
  PRIMARY KEY (`id`)
) ENGINE=MyISAM AUTO_INCREMENT=51 DEFAULT CHARSET=utf8mb4 COLLATE=utf8mb4_unicode_ci;

--
-- Dumping data for table `products`
--

INSERT INTO `products` (`id`, `name`, `detail`, `price`, `stock`, `discount`, `created_at`, `updated_at`) VALUES
(1, 'doloremque', 'Harum et cum maxime sunt non officia. Enim eos mollitia ipsa alias laboriosam eaque ut ut. Consequatur vero ipsum deserunt quia itaque. Voluptas et at sint culpa cupiditate. Laudantium voluptas distinctio provident placeat accusamus est.', 876, 2, 6, '2019-04-17 02:14:21', '2019-04-17 02:14:21'),
(2, 'ut', 'Fugit iusto et error sed exercitationem suscipit dignissimos. Consequatur consequatur temporibus assumenda placeat eaque est non. Neque sapiente accusamus assumenda aliquid animi. Libero corporis est temporibus sed. Enim nam quod recusandae quo aut omnis.', 552, 2, 28, '2019-04-17 02:14:21', '2019-04-17 02:14:21'),
(3, 'amet', 'Magni voluptas quo omnis aut quis. Qui quaerat velit aut quaerat harum tempore animi in. Aliquam pariatur voluptate aut sint.', 654, 8, 17, '2019-04-17 02:14:21', '2019-04-17 02:14:21'),
(4, 'quae', 'Sed quod voluptatum veritatis fugit sed non cumque. Nisi perspiciatis consequatur hic repellendus necessitatibus. Est consectetur cumque eaque aliquam non nulla. Ipsum et sunt sunt perferendis.', 803, 4, 5, '2019-04-17 02:14:21', '2019-04-17 02:14:21'),
(5, 'dolor', 'Quis qui sint non est. Neque nam ipsum nesciunt voluptatem.', 639, 6, 6, '2019-04-17 02:14:21', '2019-04-17 02:14:21'),
(6, 'id', 'Facilis aut eveniet pariatur. Rerum culpa officiis quia non. Ab et voluptate neque culpa quis. Animi nemo maiores numquam quidem.', 977, 7, 8, '2019-04-17 02:14:21', '2019-04-17 02:14:21'),
(7, 'commodi', 'Sint perspiciatis voluptatibus eaque commodi architecto. Aperiam dolorem beatae ea assumenda in ea. Enim et laudantium accusantium cum impedit magnam possimus. Minima tenetur eos deserunt culpa.', 666, 7, 10, '2019-04-17 02:14:21', '2019-04-17 02:14:21'),
(8, 'aut', 'Sapiente eos velit est voluptate. Sed illo eum odio quod id quae itaque. Qui voluptas optio omnis et rerum dolor.', 938, 0, 23, '2019-04-17 02:14:21', '2019-04-17 02:14:21'),
(9, 'explicabo', 'Similique quasi optio aperiam saepe eum aut nobis quia. Adipisci est sequi et incidunt dolorem laborum quasi. Et cumque et quod harum. Et ut cumque et placeat. Aut ea ut quo possimus quia voluptas.', 726, 4, 24, '2019-04-17 02:14:21', '2019-04-17 02:14:21'),
(10, 'aut', 'Ea omnis omnis deleniti sit qui molestiae non. Doloremque pariatur deserunt accusantium dicta labore temporibus cumque. Qui quia est velit reiciendis optio eius voluptatem. Aut impedit rerum iusto recusandae ratione tempore.', 748, 7, 4, '2019-04-17 02:14:21', '2019-04-17 02:14:21'),
(11, 'libero', 'Iusto expedita voluptatem iusto. Voluptas iure unde debitis exercitationem modi. Porro eaque veritatis rerum et qui quis ea.', 357, 6, 12, '2019-04-17 02:14:21', '2019-04-17 02:14:21'),
(12, 'ad', 'Illo fuga debitis autem nam magni porro voluptates quis. Laudantium aut fuga quia tempora ut et. Quam asperiores est cumque. Vel velit ipsam aperiam laboriosam aut eos rem.', 265, 0, 30, '2019-04-17 02:14:21', '2019-04-17 02:14:21'),
(13, 'eaque', 'Cumque rem vel quae id rem deleniti ut et. Eius asperiores nihil in et. Delectus consectetur ducimus ut unde. Voluptatem est neque iste occaecati molestiae.', 504, 2, 3, '2019-04-17 02:14:21', '2019-04-17 02:14:21'),
(14, 'vel', 'Fuga unde molestias occaecati voluptatem omnis quis aut. Ipsam rerum reprehenderit a ipsam quia sint commodi earum. Atque quidem exercitationem sit et in. Magni dolorem ea ut.', 359, 5, 15, '2019-04-17 02:14:21', '2019-04-17 02:14:21'),
(15, 'ab', 'Possimus fuga ut dolores nulla. Consequatur sapiente delectus dolor ducimus rerum quis vel eveniet. Laudantium dolorem occaecati aspernatur dolorem fuga molestias et. Et alias veritatis cupiditate et doloribus voluptatem maiores. Fugiat et et saepe dolorum voluptas deserunt.', 467, 0, 3, '2019-04-17 02:14:21', '2019-04-17 02:14:21'),
(16, 'assumenda', 'Quisquam voluptatibus repellat nemo. Rerum iure temporibus provident iusto libero. Ducimus animi animi est. Qui qui laboriosam quidem similique porro.', 500, 6, 12, '2019-04-17 02:14:21', '2019-04-17 02:14:21'),
(17, 'quos', 'Temporibus unde placeat magnam sequi. Facere totam omnis deserunt id neque. Rerum sed voluptate sunt ipsam et laudantium. Deserunt rerum sit in et et impedit.', 863, 9, 21, '2019-04-17 02:14:21', '2019-04-17 02:14:21'),
(18, 'tempora', 'Laudantium mollitia et cumque fuga ea quas porro. Accusantium voluptas ut aperiam ab excepturi. Qui rerum doloremque et aut quia veritatis dolor.', 828, 5, 6, '2019-04-17 02:14:21', '2019-04-17 02:14:21'),
(19, 'excepturi', 'Delectus aut rem mollitia maxime dolore. Aliquid hic maxime neque explicabo. Velit ducimus magni rerum illo excepturi porro occaecati.', 252, 4, 2, '2019-04-17 02:14:21', '2019-04-17 02:14:21'),
(20, 'recusandae', 'Et ut et sit et accusantium. Voluptatem voluptatum perspiciatis qui aliquid tempora eveniet. Molestiae rerum maiores eum et deleniti atque. In ducimus qui veritatis eum quidem sed. Voluptates id voluptates ex nulla.', 236, 8, 19, '2019-04-17 02:14:21', '2019-04-17 02:14:21'),
(21, 'et', 'Culpa labore natus quia esse est et explicabo. Nihil aspernatur ullam asperiores sequi est aspernatur et. Ipsam sit sequi placeat officia in id eligendi. Repellat vero exercitationem quam.', 786, 0, 21, '2019-04-17 02:14:21', '2019-04-17 02:14:21'),
(22, 'aliquam', 'Exercitationem inventore id corporis aspernatur. Corrupti blanditiis debitis ut debitis omnis et. Sit non et quo. Modi atque perspiciatis et saepe et.', 371, 6, 9, '2019-04-17 02:14:21', '2019-04-17 02:14:21'),
(23, 'quos', 'Nostrum ut quos ut aut nihil dolores. In velit nihil ut est laborum. Ut minus ut sunt. Consectetur molestias ipsa aut eum.', 679, 3, 16, '2019-04-17 02:14:21', '2019-04-17 02:14:21'),
(24, 'amet', 'Eaque architecto id et quia nobis. Enim sit et enim.', 649, 2, 19, '2019-04-17 02:14:21', '2019-04-17 02:14:21'),
(25, 'ut', 'Blanditiis eos nihil reiciendis aut et quia molestiae. Iste sapiente harum placeat eum inventore magnam. Qui labore blanditiis unde aliquid voluptas. Sit at non ut voluptatem. Doloremque consectetur nihil facilis omnis quasi officia earum.', 626, 5, 11, '2019-04-17 02:14:21', '2019-04-17 02:14:21'),
(26, 'alias', 'A et corrupti aperiam iure a eos. Labore provident eum sapiente officia omnis rerum vitae. Qui minima ut quidem dolorem.', 362, 1, 5, '2019-04-17 02:14:21', '2019-04-17 02:14:21'),
(27, 'at', 'Laboriosam ut harum possimus sed est rerum officia. Dolore laudantium neque laborum reprehenderit qui qui et. Minus sit inventore deleniti est.', 770, 8, 17, '2019-04-17 02:14:21', '2019-04-17 02:14:21'),
(28, 'et', 'Mollitia consequatur blanditiis et praesentium. Quis officiis provident rerum molestias. Eos nam id exercitationem rem provident.', 410, 8, 15, '2019-04-17 02:14:21', '2019-04-17 02:14:21'),
(29, 'et', 'Ratione fugit quidem autem dolorem delectus commodi. Quam qui quae ut soluta. Vel facilis est quisquam sit.', 796, 5, 14, '2019-04-17 02:14:21', '2019-04-17 02:14:21'),
(30, 'velit', 'Ratione sapiente corrupti corporis ad molestiae. Nemo consequatur consequatur accusantium est. Rerum accusantium maiores facere at et aliquam id.', 471, 6, 23, '2019-04-17 02:14:21', '2019-04-17 02:14:21'),
(31, 'ducimus', 'Enim illo repudiandae modi explicabo ipsam. Nostrum officiis laudantium sunt nihil. Occaecati velit odio eligendi mollitia expedita aut.', 804, 4, 11, '2019-04-17 02:14:21', '2019-04-17 02:14:21'),
(32, 'tempora', 'Eaque et earum ab sint dolorum culpa. Dignissimos sit eveniet autem culpa nihil. Laudantium voluptas vero quia ipsam a ut non.', 378, 3, 6, '2019-04-17 02:14:21', '2019-04-17 02:14:21'),
(33, 'sed', 'Alias voluptatum blanditiis pariatur accusamus. Aut aliquid fuga est cupiditate sunt. Commodi quia impedit et eos. Quibusdam libero similique ex eligendi facere.', 268, 2, 5, '2019-04-17 02:14:21', '2019-04-17 02:14:21'),
(34, 'veniam', 'Facere aut quo voluptate molestiae vero. Earum dolore quo ut reiciendis ut magnam. Numquam est nesciunt temporibus fugit expedita voluptatem minima.', 163, 1, 15, '2019-04-17 02:14:21', '2019-04-17 02:14:21'),
(35, 'magni', 'Exercitationem iste sed dolores repudiandae ratione. Sint nulla cupiditate qui qui iure eaque. Quibusdam inventore assumenda nihil magnam harum facere. Nulla beatae ad iste quo aut. Reprehenderit harum illum ea totam.', 228, 7, 22, '2019-04-17 02:14:21', '2019-04-17 02:14:21'),
(36, 'deleniti', 'Ut illo aliquid eligendi. Delectus voluptatem voluptas consequatur ea et at vel. Dicta et amet debitis omnis eaque dolor ipsam.', 612, 0, 22, '2019-04-17 02:14:21', '2019-04-17 02:14:21'),
(37, 'voluptatem', 'Fuga a eum quasi id consequatur. Veritatis accusamus expedita minima dolor quaerat. Ab dolore modi error vel. Odit eveniet qui modi veniam et molestiae est. Repellendus dolor et in aliquam.', 850, 0, 30, '2019-04-17 02:14:21', '2019-04-17 02:14:21'),
(38, 'deserunt', 'Sunt commodi nulla est. Laborum non sit tempore iure. Animi beatae aut omnis recusandae. Dolorem voluptas id voluptas magnam cum voluptatem dolor.', 517, 4, 24, '2019-04-17 02:14:21', '2019-04-17 02:14:21'),
(39, 'blanditiis', 'Officiis nisi quia voluptatem voluptatem in mollitia animi consequatur. Doloremque aut aliquid quae ducimus. Veritatis magni magni ab ut consequatur eum quis.', 169, 9, 7, '2019-04-17 02:14:21', '2019-04-17 02:14:21'),
(40, 'dolores', 'Autem at eos voluptatum voluptatibus cupiditate at quod. Rerum alias aut sed aut laudantium eum dicta. Nam id consequatur modi laudantium.', 889, 9, 8, '2019-04-17 02:14:21', '2019-04-17 02:14:21'),
(41, 'perspiciatis', 'Aut repellendus deleniti quo incidunt. Libero quo officiis et. Ducimus eligendi reprehenderit et. Voluptates aliquam non eligendi eius.', 894, 5, 5, '2019-04-17 02:14:21', '2019-04-17 02:14:21'),
(42, 'illo', 'Velit atque eum asperiores occaecati dolor asperiores sequi. Ut et enim et ut et inventore non. Recusandae veritatis in eos fugiat ut non doloremque eligendi. Et nobis quos magni fugit.', 223, 5, 14, '2019-04-17 02:14:21', '2019-04-17 02:14:21'),
(43, 'illo', 'Culpa minus excepturi ducimus optio in blanditiis expedita. Veritatis similique vero nihil ea. Et voluptatibus quo dolorum ad a enim.', 687, 8, 22, '2019-04-17 02:14:21', '2019-04-17 02:14:21'),
(44, 'deleniti', 'Quos ducimus incidunt ex nisi. Quis aut voluptates rerum et adipisci sapiente.', 725, 3, 19, '2019-04-17 02:14:21', '2019-04-17 02:14:21'),
(45, 'nisi', 'Qui eius cupiditate dolor atque magnam iusto beatae. Alias modi vitae nostrum ipsum et magnam. Eos maxime rerum dignissimos quia in. Quod et ipsa ipsam aliquam omnis minus. Fuga ipsum nisi ut et esse.', 730, 2, 29, '2019-04-17 02:14:21', '2019-04-17 02:14:21'),
(46, 'dolores', 'Quia cum delectus nisi ratione. Aliquid quia fugit odit. Eligendi qui quis ullam qui dolore ipsa.', 117, 2, 28, '2019-04-17 02:14:21', '2019-04-17 02:14:21'),
(47, 'quidem', 'Quisquam sint rerum non maxime dolores nihil sit iusto. Corrupti dolores dolorem quibusdam soluta. Et voluptas voluptatem nisi tempore sunt numquam omnis sit.', 839, 9, 2, '2019-04-17 02:14:21', '2019-04-17 02:14:21'),
(48, 'ex', 'Suscipit dolorum quisquam quia. Commodi qui architecto saepe est repellendus. Ipsam culpa optio ad rem quas magnam.', 259, 2, 19, '2019-04-17 02:14:21', '2019-04-17 02:14:21'),
(49, 'consectetur', 'Commodi sed aut neque excepturi quo consequuntur. Sint iure nisi sed quae. Ut totam ad voluptate ut. Non voluptatem tempora sunt ratione.', 736, 0, 15, '2019-04-17 02:14:21', '2019-04-17 02:14:21'),
(50, 'quisquam', 'Ullam veritatis est quasi quae delectus sapiente. Temporibus consequatur aut voluptas error. Est cupiditate voluptatibus non asperiores magni impedit ipsam ducimus.', 912, 9, 14, '2019-04-17 02:14:21', '2019-04-17 02:14:21');

-- --------------------------------------------------------

--
-- Table structure for table `reviews`
--

DROP TABLE IF EXISTS `reviews`;
CREATE TABLE IF NOT EXISTS `reviews` (
  `id` bigint(20) UNSIGNED NOT NULL AUTO_INCREMENT,
  `product_id` int(10) UNSIGNED NOT NULL,
  `customer` varchar(191) COLLATE utf8mb4_unicode_ci NOT NULL,
  `review` text COLLATE utf8mb4_unicode_ci NOT NULL,
  `star` int(11) NOT NULL,
  `created_at` timestamp NULL DEFAULT NULL,
  `updated_at` timestamp NULL DEFAULT NULL,
  PRIMARY KEY (`id`),
  KEY `reviews_product_id_index` (`product_id`)
) ENGINE=MyISAM AUTO_INCREMENT=301 DEFAULT CHARSET=utf8mb4 COLLATE=utf8mb4_unicode_ci;

--
-- Dumping data for table `reviews`
--

INSERT INTO `reviews` (`id`, `product_id`, `customer`, `review`, `star`, `created_at`, `updated_at`) VALUES
(1, 36, 'Dr. Odell Bernier Sr.', 'Sunt occaecati iste dolorum explicabo. Debitis qui maiores non.', 2, '2019-04-17 02:14:22', '2019-04-17 02:14:22'),
(2, 31, 'Taryn Boehm', 'Nostrum impedit voluptas ut est consequatur nihil dolore. Sed neque dicta distinctio rerum et suscipit aut. Molestiae voluptas expedita eum et quia quis earum. Et qui eos labore sed molestiae.', 0, '2019-04-17 02:14:22', '2019-04-17 02:14:22'),
(3, 29, 'Quentin Hoeger', 'Nihil consequatur eum numquam perferendis voluptatum. Eligendi provident voluptatem natus repellat nihil. Animi atque itaque praesentium eum odit alias nihil. Suscipit dolorum consequuntur rerum quisquam. At commodi velit nobis.', 5, '2019-04-17 02:14:22', '2019-04-17 02:14:22'),
(4, 37, 'Anjali Wuckert', 'Non perspiciatis aut quo. Cumque doloribus error harum qui voluptas. Quia velit magni enim tenetur aperiam et.', 3, '2019-04-17 02:14:22', '2019-04-17 02:14:22'),
(5, 18, 'Abbie Hagenes III', 'Et eos iste quo aut consequatur eum. Porro ducimus nam et repellendus quo. Ad beatae earum nulla dolores.', 4, '2019-04-17 02:14:22', '2019-04-17 02:14:22'),
(6, 37, 'Adah Bergnaum DDS', 'Voluptatem voluptate maxime soluta dolorem. Nihil id adipisci provident maxime ducimus laboriosam culpa. Illo numquam expedita molestiae possimus. Quia modi consequatur est velit et.', 2, '2019-04-17 02:14:22', '2019-04-17 02:14:22'),
(7, 24, 'Thad Greenfelder', 'Quo maiores dolorem aspernatur dolor vitae neque. Dolorem quaerat ipsam voluptatum sint illum qui cupiditate. Velit quos et ullam.', 4, '2019-04-17 02:14:22', '2019-04-17 02:14:22'),
(8, 38, 'Tyrel Strosin', 'Nesciunt placeat id ut nihil et inventore omnis. Non facilis aut ut est quod accusamus.', 5, '2019-04-17 02:14:22', '2019-04-17 02:14:22'),
(9, 38, 'Gay Stamm', 'Magnam in repellendus cupiditate quia cumque pariatur. Aut occaecati quidem ut tempore laudantium corrupti similique neque. Et dolor vero ea corporis.', 1, '2019-04-17 02:14:22', '2019-04-17 02:14:22'),
(10, 46, 'Bernadine Deckow', 'Ullam rerum qui inventore aliquid officiis. Et molestiae id est assumenda. Repellendus atque deserunt quibusdam alias repudiandae omnis. Vel ab fugit sed accusantium iusto.', 2, '2019-04-17 02:14:22', '2019-04-17 02:14:22'),
(11, 22, 'Gabriel Roberts', 'Molestiae pariatur architecto molestiae aliquam asperiores ducimus voluptatem in. Similique voluptatum unde iusto quibusdam ratione. Eligendi accusamus ut voluptatem laboriosam et labore corporis voluptatem.', 5, '2019-04-17 02:14:22', '2019-04-17 02:14:22'),
(12, 6, 'Mrs. Enola Will II', 'Iure molestias esse nobis blanditiis velit. Non sint autem molestiae rerum. Eos voluptas et dolor omnis. Provident eaque fuga eaque.', 0, '2019-04-17 02:14:22', '2019-04-17 02:14:22'),
(13, 43, 'Jaleel Hermann', 'Quo numquam delectus aspernatur non eius sed. Veritatis quo saepe vel dicta dignissimos consequatur. Ut perferendis molestiae et officiis recusandae quas repellat voluptatem.', 2, '2019-04-17 02:14:22', '2019-04-17 02:14:22'),
(14, 26, 'Caroline McKenzie', 'Dolor sit necessitatibus eum magni ut amet. Qui alias delectus autem corporis. Mollitia corrupti repellat inventore ex possimus officiis qui. Et nihil optio repellat vitae rem voluptate enim temporibus. Similique nesciunt vel dolorem atque.', 3, '2019-04-17 02:14:22', '2019-04-17 02:14:22'),
(15, 27, 'Prof. Ruth Welch DDS', 'Ut in error minima quos ab harum. Et sit ipsa aspernatur voluptatum rem inventore delectus. Voluptates velit sapiente impedit dolorem maiores saepe perspiciatis possimus.', 2, '2019-04-17 02:14:22', '2019-04-17 02:14:22'),
(16, 3, 'Prof. Violette Zboncak', 'Sed quisquam consectetur qui et nobis deleniti et. Magnam itaque a eaque sit cupiditate. Minus repudiandae harum odit similique harum temporibus. Placeat sed rem libero consequuntur delectus est.', 0, '2019-04-17 02:14:22', '2019-04-17 02:14:22'),
(17, 48, 'Rhea Schmitt', 'Dolore occaecati enim ad ipsa ea vel fuga doloremque. In et pariatur nobis reiciendis est vero repellat. Ex et eum recusandae voluptate delectus assumenda.', 1, '2019-04-17 02:14:22', '2019-04-17 02:14:22'),
(18, 15, 'Eunice Schimmel', 'Qui repellendus vero occaecati porro sint veniam. Voluptas vero amet quo enim non. Maxime praesentium sunt consectetur est aut deserunt et natus. Est temporibus necessitatibus officia eos amet et inventore.', 4, '2019-04-17 02:14:22', '2019-04-17 02:14:22'),
(19, 45, 'Hettie Halvorson Sr.', 'Officia voluptas et officiis modi possimus voluptates sit. Amet reprehenderit eum dolorem ea nam.', 0, '2019-04-17 02:14:22', '2019-04-17 02:14:22'),
(20, 41, 'Mrs. Estella Considine MD', 'Qui omnis quod rerum. Molestiae laborum quo sint sed pariatur possimus. Enim quos aspernatur similique voluptas.', 4, '2019-04-17 02:14:22', '2019-04-17 02:14:22'),
(21, 3, 'Aric Hettinger', 'Ut vel facilis voluptatem officia officiis quibusdam et. Aut maxime harum est ea ipsam. Ea adipisci enim debitis iste consequatur incidunt.', 1, '2019-04-17 02:14:22', '2019-04-17 02:14:22'),
(22, 6, 'Rhea Moore MD', 'Corporis eum fuga neque iusto sed atque neque. Facere exercitationem et dicta nam. Sint aliquid quaerat velit voluptas excepturi saepe. A nulla maiores illo fuga quo.', 3, '2019-04-17 02:14:22', '2019-04-17 02:14:22'),
(23, 32, 'Neha Nicolas', 'Quo suscipit dignissimos aut quas. A autem eligendi corporis ab quos dolorem.', 1, '2019-04-17 02:14:22', '2019-04-17 02:14:22'),
(24, 15, 'Dr. Amely Greenholt II', 'Voluptatem dicta incidunt vero. Sapiente et perspiciatis impedit facere qui et blanditiis. Distinctio quo vel veritatis et. Non quo qui corrupti iste pariatur officiis qui debitis. Animi aut dicta repudiandae assumenda veritatis molestiae.', 1, '2019-04-17 02:14:22', '2019-04-17 02:14:22'),
(25, 15, 'Valentina Paucek', 'Nostrum recusandae ut et maiores veritatis. Voluptatem et est possimus minima. Nesciunt ratione quo perferendis voluptas. Et minus quasi qui deleniti.', 0, '2019-04-17 02:14:22', '2019-04-17 02:14:22'),
(26, 20, 'Felipa Hirthe', 'Ut est molestias voluptates blanditiis id similique. Libero beatae quod enim optio. Magnam omnis quas et et assumenda. Vel et harum est ullam praesentium.', 2, '2019-04-17 02:14:22', '2019-04-17 02:14:22'),
(27, 43, 'Mrs. Eveline Shanahan MD', 'Cumque non culpa dolorem id eveniet ipsum nihil. Necessitatibus consequuntur sint omnis corporis. Veritatis ut dolorem sint. Cum officia eum et tempore non omnis impedit sed.', 4, '2019-04-17 02:14:22', '2019-04-17 02:14:22'),
(28, 18, 'Prof. Herman Mertz Sr.', 'Qui sit ex consequatur eum culpa aut. Ipsum veritatis earum sed eius enim. Officiis velit quis id odit. Reiciendis vitae qui rerum.', 0, '2019-04-17 02:14:22', '2019-04-17 02:14:22'),
(29, 20, 'Laurianne Kemmer', 'Rem qui corrupti quisquam alias. Optio non eligendi eveniet facilis. Repellat omnis qui debitis aut est dolorum voluptatem. Et tempora cupiditate voluptas consequatur deserunt sit qui.', 5, '2019-04-17 02:14:22', '2019-04-17 02:14:22'),
(30, 41, 'Emely Stracke', 'Autem reiciendis inventore ullam natus natus tempora. Alias minus qui voluptatem aut. Et odit necessitatibus occaecati voluptatem animi ex veritatis. Ea aspernatur qui minima sequi quibusdam.', 0, '2019-04-17 02:14:22', '2019-04-17 02:14:22'),
(31, 46, 'Matt Padberg', 'Dicta soluta libero non consectetur qui nemo. Sunt quibusdam illum error adipisci quae tenetur. Ut nihil assumenda minus nam architecto. Perferendis sint accusantium error voluptas.', 3, '2019-04-17 02:14:22', '2019-04-17 02:14:22'),
(32, 46, 'Camila Gusikowski III', 'Nulla dolorum atque numquam quis qui non aperiam fugiat. Blanditiis qui odio ut sed. Iusto in numquam aut fugit exercitationem quia qui. Asperiores alias libero voluptatem eos.', 0, '2019-04-17 02:14:22', '2019-04-17 02:14:22'),
(33, 41, 'Watson Witting', 'Et hic aut id ipsam voluptas illum. Impedit soluta quia velit maiores.', 5, '2019-04-17 02:14:22', '2019-04-17 02:14:22'),
(34, 20, 'Arjun Beer', 'Ut repellendus ex praesentium eaque eligendi occaecati aut. Aspernatur corporis ex necessitatibus neque sit. Deleniti esse animi neque quos repellendus.', 0, '2019-04-17 02:14:22', '2019-04-17 02:14:22'),
(35, 1, 'Cordell Ward', 'Maiores quasi sed cupiditate rem aliquam ipsam. Perferendis aperiam quidem assumenda animi deleniti blanditiis vitae corrupti. Quas blanditiis sit cumque veritatis.', 4, '2019-04-17 02:14:22', '2019-04-17 02:14:22'),
(36, 37, 'Hallie Lubowitz', 'Eaque nemo adipisci delectus magni voluptatum quasi. Magnam et recusandae voluptas. A modi magnam aut quia aut.', 4, '2019-04-17 02:14:22', '2019-04-17 02:14:22'),
(37, 45, 'Leta Pfannerstill', 'Quis excepturi fugiat exercitationem aut iste perferendis eius. Qui minus mollitia mollitia atque. Et doloremque sunt aut praesentium. Sit ratione sint amet occaecati sunt modi placeat neque.', 4, '2019-04-17 02:14:22', '2019-04-17 02:14:22'),
(38, 29, 'Brock Jenkins PhD', 'Quo eveniet laudantium maiores. Officiis illo iste ipsam aut et placeat ut. Eum qui nihil laborum debitis eum et. Nostrum ipsam ut et est ad.', 4, '2019-04-17 02:14:22', '2019-04-17 02:14:22'),
(39, 4, 'Obie Reichert', 'Consequatur exercitationem et natus sit. Assumenda ipsam iusto voluptatem sed. Deserunt consectetur explicabo dignissimos ut sed. Qui et facere quas quidem iure consequatur quos.', 1, '2019-04-17 02:14:22', '2019-04-17 02:14:22'),
(40, 28, 'Dr. Mae Corwin MD', 'Nihil nesciunt beatae est qui qui. Sint perspiciatis iste nostrum. Consequatur sunt ut autem ut perferendis distinctio omnis. Voluptatum sint facilis consectetur dolorem tempora dolor.', 4, '2019-04-17 02:14:22', '2019-04-17 02:14:22'),
(41, 6, 'Dr. Chesley Reichert Sr.', 'Modi error porro molestiae doloremque distinctio. Nulla atque qui quidem.', 1, '2019-04-17 02:14:22', '2019-04-17 02:14:22'),
(42, 11, 'Bernita Bosco', 'Ea eveniet at est necessitatibus sit. Asperiores dolore culpa fugiat. Inventore ea aliquam voluptatum velit. Sapiente voluptas dolor magnam. Quibusdam voluptas aut cupiditate maiores dolor nihil.', 3, '2019-04-17 02:14:22', '2019-04-17 02:14:22'),
(43, 36, 'Shanelle Schmidt', 'Quaerat eligendi autem minima id. Necessitatibus assumenda expedita nihil saepe quasi nisi architecto incidunt. Explicabo dolorem accusantium beatae perspiciatis.', 2, '2019-04-17 02:14:22', '2019-04-17 02:14:22'),
(44, 26, 'Mariela Leannon V', 'Voluptatem dolor id quos aperiam. Nisi distinctio suscipit provident est error eos. Sit vel cum odit sunt. Ut velit in nostrum rem quaerat modi inventore.', 5, '2019-04-17 02:14:22', '2019-04-17 02:14:22'),
(45, 3, 'Ms. Jammie Sipes I', 'Mollitia deserunt assumenda ipsam nihil tempore asperiores. In modi mollitia sed animi rerum nobis officia. Dolorem nulla ratione quasi numquam nobis.', 5, '2019-04-17 02:14:22', '2019-04-17 02:14:22'),
(46, 35, 'Dr. Baby Koelpin II', 'Nisi cumque officiis et quia eos et libero quos. Voluptas qui fugiat quis pariatur. Suscipit sunt qui doloribus enim et dolor et est.', 3, '2019-04-17 02:14:22', '2019-04-17 02:14:22'),
(47, 43, 'Ransom Turner', 'Dolores eveniet repellat fuga. Vel debitis recusandae iure sequi architecto dolorem. Dolorem ipsam iure corporis.', 5, '2019-04-17 02:14:22', '2019-04-17 02:14:22'),
(48, 34, 'Matilde Nikolaus', 'Voluptatem voluptas reprehenderit qui explicabo. Tenetur explicabo modi occaecati perferendis et.', 1, '2019-04-17 02:14:22', '2019-04-17 02:14:22'),
(49, 23, 'Isom Kling', 'Et pariatur sequi minima. Qui necessitatibus aliquid accusamus voluptatem quam. Vel distinctio eaque eius quo est.', 2, '2019-04-17 02:14:22', '2019-04-17 02:14:22'),
(50, 38, 'Mr. Waino Hickle', 'Tempora facilis voluptatem nam vel laboriosam sed minus. Facere qui ea voluptatum sed. Minima sunt laboriosam explicabo quaerat autem ut. Et dolores nam non itaque.', 3, '2019-04-17 02:14:22', '2019-04-17 02:14:22'),
(51, 19, 'Preston Botsford', 'Vero eaque aliquam sed praesentium hic necessitatibus cumque. Non inventore eveniet culpa. Vel reiciendis totam ea porro. Rem dolorem illum harum quis.', 5, '2019-04-17 02:14:22', '2019-04-17 02:14:22'),
(52, 4, 'Tianna Stehr Sr.', 'Aspernatur pariatur est nesciunt fuga. In nulla qui aut voluptates optio soluta provident rerum.', 0, '2019-04-17 02:14:22', '2019-04-17 02:14:22'),
(53, 34, 'Ms. Karlee Goldner Jr.', 'Voluptatum deserunt quos ut pariatur et. Dicta ut commodi voluptas. Delectus aperiam molestias reprehenderit consectetur animi. Distinctio sapiente perferendis qui vel.', 1, '2019-04-17 02:14:22', '2019-04-17 02:14:22'),
(54, 5, 'Earnestine Hammes', 'Consectetur omnis voluptatem deserunt commodi nam similique placeat ipsam. Cumque eligendi molestias voluptatem illum enim voluptatum voluptas. Asperiores praesentium expedita recusandae. Enim laudantium iure et laborum.', 3, '2019-04-17 02:14:22', '2019-04-17 02:14:22'),
(55, 39, 'Ms. Laurence Sauer DDS', 'Qui voluptatem quia sint iusto deleniti voluptatibus. Voluptatibus itaque ex nihil.', 4, '2019-04-17 02:14:22', '2019-04-17 02:14:22'),
(56, 6, 'Alvena Kihn', 'Labore eligendi non consequatur reprehenderit sunt quis. Est quia ea deleniti enim. Natus ut consequatur quisquam alias libero voluptates. Unde tenetur adipisci occaecati ex illum.', 2, '2019-04-17 02:14:22', '2019-04-17 02:14:22'),
(57, 48, 'Unique Daugherty', 'Non sed dolorum quam qui ipsam. Nisi maiores nam sed quisquam officiis. Cumque sint magni voluptate voluptatem et optio consectetur. Mollitia error ex vero sunt voluptas atque.', 2, '2019-04-17 02:14:22', '2019-04-17 02:14:22'),
(58, 18, 'Jarrell McCullough', 'In totam exercitationem eveniet voluptate. Sed non qui rerum voluptatem tenetur eaque et. Voluptatem nulla dolorem molestiae. Sed culpa vel veritatis ex reiciendis.', 3, '2019-04-17 02:14:22', '2019-04-17 02:14:22'),
(59, 44, 'Kelvin Dickinson', 'Amet ut laudantium voluptatem ut et fugiat. Non rerum maiores vel. Et itaque voluptatem in omnis nobis quis aperiam. Alias aut officiis harum qui eum.', 5, '2019-04-17 02:14:22', '2019-04-17 02:14:22'),
(60, 26, 'Braden Yost', 'Et commodi libero ipsa aut iste illo porro. Veritatis nam dolores est atque itaque deleniti ut. Et autem voluptas quas est.', 0, '2019-04-17 02:14:22', '2019-04-17 02:14:22'),
(61, 17, 'Kamren Mitchell DVM', 'Sed soluta magni et eaque sunt velit repudiandae et. Repellat quo nihil minima placeat aliquid ut quos. Recusandae praesentium ad quibusdam laboriosam molestiae excepturi error libero.', 5, '2019-04-17 02:14:22', '2019-04-17 02:14:22'),
(62, 33, 'Miss Lavada Walsh', 'Quam illo praesentium fugit unde est quis qui. Nesciunt quaerat itaque nobis commodi aut tempore. Enim error non minima ipsum quam ipsa minus. Voluptas soluta non animi odit debitis exercitationem.', 2, '2019-04-17 02:14:22', '2019-04-17 02:14:22'),
(63, 11, 'Dr. Ronny Tromp Jr.', 'Nesciunt assumenda cum eos quasi. Rerum aut sequi voluptas omnis quisquam quisquam rem sed. Soluta est a quisquam et unde porro ea. Qui impedit consequatur est quibusdam qui possimus. Occaecati quo iste vel rerum sit.', 2, '2019-04-17 02:14:22', '2019-04-17 02:14:22'),
(64, 8, 'Amparo Aufderhar', 'In similique sed rerum velit qui non. Maxime beatae autem velit sint et illo.', 2, '2019-04-17 02:14:22', '2019-04-17 02:14:22'),
(65, 33, 'Sheridan Flatley PhD', 'Sed excepturi repellat non sunt et aliquid molestiae aliquid. Dolores quia officiis atque iusto. Quis aliquam exercitationem officiis tempore.', 3, '2019-04-17 02:14:22', '2019-04-17 02:14:22'),
(66, 36, 'Garth Pagac', 'Aut mollitia est iste omnis quam. Et vel ut rerum deleniti ut incidunt. Hic nulla est repellendus aut. Quibusdam velit blanditiis expedita perspiciatis voluptatum qui quis.', 3, '2019-04-17 02:14:22', '2019-04-17 02:14:22'),
(67, 8, 'Steve Rosenbaum', 'Commodi adipisci beatae aut enim consequatur non repellat. Ipsam quo odio rerum quos et.', 0, '2019-04-17 02:14:22', '2019-04-17 02:14:22'),
(68, 35, 'Lemuel Blanda MD', 'Consectetur quidem non voluptatem aut ea. Omnis praesentium facere sunt nemo aut. Cupiditate nihil voluptatibus totam.', 3, '2019-04-17 02:14:22', '2019-04-17 02:14:22'),
(69, 11, 'Ardith Lang', 'Minima ad adipisci nulla vel beatae illo alias corrupti. Sit nulla sed hic neque sunt. Minus animi voluptas eos voluptate. Vitae non quos odit modi.', 3, '2019-04-17 02:14:22', '2019-04-17 02:14:22'),
(70, 20, 'Mr. Jerrod Block', 'Qui aliquid odit expedita perferendis. Recusandae et magnam voluptatem voluptatem. Magni atque eos et autem quisquam modi natus. Eos eos eaque soluta maiores rem.', 2, '2019-04-17 02:14:22', '2019-04-17 02:14:22'),
(71, 49, 'Mr. Justus Hand Sr.', 'Id aliquid voluptatibus unde. Sequi magnam aut asperiores saepe omnis.', 4, '2019-04-17 02:14:22', '2019-04-17 02:14:22'),
(72, 9, 'Darrion Will', 'Sit sequi deleniti beatae blanditiis architecto. Ex quos sunt et aliquam. Cumque ea expedita neque iusto ea. Maiores perspiciatis ut rerum facere porro delectus tenetur.', 4, '2019-04-17 02:14:22', '2019-04-17 02:14:22'),
(73, 29, 'Dr. Vicky Dooley DDS', 'Soluta nihil soluta magni id unde. Animi expedita nobis qui tempore eum nulla. Ut iure officia voluptas. Velit ullam est totam voluptas illum aliquam.', 3, '2019-04-17 02:14:22', '2019-04-17 02:14:22'),
(74, 5, 'Prof. Carmine Hilpert MD', 'Laboriosam officiis corporis quo molestias quasi. Assumenda quibusdam et dignissimos rerum excepturi excepturi. Cumque cupiditate ullam consequatur et totam et.', 4, '2019-04-17 02:14:22', '2019-04-17 02:14:22'),
(75, 46, 'Seth Doyle', 'Quae enim inventore qui quibusdam. Non quibusdam facilis quasi maiores. Voluptas qui quam laboriosam ut maiores nostrum.', 3, '2019-04-17 02:14:22', '2019-04-17 02:14:22'),
(76, 42, 'Mya Hodkiewicz', 'Temporibus corrupti odio qui repudiandae quibusdam voluptates voluptas distinctio. Sed aliquid quia eveniet beatae rerum vel id excepturi. Magnam quo repellendus error rerum. Et culpa officia voluptate quis minima laudantium.', 3, '2019-04-17 02:14:22', '2019-04-17 02:14:22'),
(77, 47, 'Lea McLaughlin', 'Libero sit debitis aut accusamus ut non. Eligendi blanditiis at dicta consequatur ipsum. Et neque ut totam voluptas harum.', 0, '2019-04-17 02:14:22', '2019-04-17 02:14:22'),
(78, 29, 'Shanie Wolff', 'Et vel molestiae impedit repellat in ea voluptate. Totam alias qui ut ut hic libero nostrum dicta. Vel aspernatur recusandae vel dolore rerum ducimus laudantium.', 4, '2019-04-17 02:14:22', '2019-04-17 02:14:22'),
(79, 12, 'Nat Christiansen', 'Dolor ut natus et dolor dicta consequuntur eos. Quo et excepturi in iure omnis. Saepe velit maiores animi repellat suscipit sunt. Itaque nihil et eos quasi neque reiciendis itaque.', 4, '2019-04-17 02:14:22', '2019-04-17 02:14:22'),
(80, 33, 'Emerald Wilkinson', 'Sed occaecati quam ut et esse qui. Necessitatibus dignissimos in ut. Quae nam ea nulla beatae reiciendis ut.', 3, '2019-04-17 02:14:22', '2019-04-17 02:14:22'),
(81, 47, 'Noelia Weissnat', 'Doloribus sit enim quia aut. Sit porro deleniti quod et. Molestiae quo eveniet laborum placeat rerum et placeat.', 3, '2019-04-17 02:14:22', '2019-04-17 02:14:22'),
(82, 2, 'Mrs. Margarette Kunde DDS', 'Nam et doloremque pariatur velit quidem non. Eius voluptas numquam facilis vero hic ullam inventore.', 2, '2019-04-17 02:14:22', '2019-04-17 02:14:22'),
(83, 5, 'Ms. Aniyah Witting', 'Est dolorem voluptatem impedit molestiae consequatur alias temporibus. Autem sed at minus. Sed qui labore dolorem atque laboriosam saepe. Commodi placeat enim unde delectus animi porro exercitationem voluptatum.', 4, '2019-04-17 02:14:22', '2019-04-17 02:14:22'),
(84, 19, 'Prof. Clyde Welch', 'Quasi voluptatum tempore amet. Ipsam dicta aliquam et recusandae quas odit voluptatum. Voluptas quis quo cum eum nam totam nesciunt. Ipsa ipsa id dolor maiores deserunt.', 2, '2019-04-17 02:14:22', '2019-04-17 02:14:22'),
(85, 21, 'Savion Carroll', 'Ea id et hic. Aut laudantium qui error est enim error. Voluptatem qui provident minus rerum et.', 0, '2019-04-17 02:14:22', '2019-04-17 02:14:22'),
(86, 31, 'Tiara O\'Keefe II', 'Sunt beatae sequi nam qui tempore quo omnis debitis. Aut accusamus veniam facere neque neque omnis eos. Est assumenda eos a est in sunt rerum.', 5, '2019-04-17 02:14:22', '2019-04-17 02:14:22'),
(87, 21, 'Dewayne Thompson MD', 'Facilis consequatur quod assumenda rerum consequuntur. Quia dolorem fugit et provident. Deleniti culpa ut et temporibus. Repellendus ad praesentium velit asperiores facere. Aliquid debitis in commodi dolores ad.', 0, '2019-04-17 02:14:22', '2019-04-17 02:14:22'),
(88, 50, 'Prof. Leon West', 'Aut fugiat et rerum sunt enim consequatur pariatur. Quos non cupiditate consequatur maiores. Exercitationem voluptatem quia ut. Ab repellat libero omnis reprehenderit et sint non.', 2, '2019-04-17 02:14:22', '2019-04-17 02:14:22'),
(89, 11, 'Ally Mosciski', 'Molestias dolores ut minus iste sed. Quisquam aliquid et mollitia expedita sint nisi possimus. Expedita id animi ducimus qui debitis. Est autem rem maiores error sit fuga ea.', 0, '2019-04-17 02:14:22', '2019-04-17 02:14:22'),
(90, 21, 'Lauren Renner', 'Cum voluptas voluptatem rerum velit quod. Corrupti quibusdam architecto quia explicabo alias tenetur corporis. Perspiciatis adipisci quia voluptatem nisi aperiam. Aliquid alias qui fugit quo consequuntur ipsa fugiat.', 4, '2019-04-17 02:14:22', '2019-04-17 02:14:22'),
(91, 21, 'River Mitchell II', 'Earum architecto excepturi sequi impedit laborum neque. Velit reiciendis consequatur dicta officiis omnis fuga esse. Dolorem alias ut recusandae eum animi id voluptas.', 3, '2019-04-17 02:14:22', '2019-04-17 02:14:22'),
(92, 12, 'Dr. Winifred Hoppe I', 'Sit voluptatem id est. Placeat consequatur architecto omnis et qui. Et est nobis natus ipsam facere eos exercitationem. Rerum quis accusantium reiciendis esse quisquam soluta. Assumenda explicabo et molestiae fuga est facilis dolorum ut.', 0, '2019-04-17 02:14:22', '2019-04-17 02:14:22'),
(93, 13, 'Dr. Maxine Lakin IV', 'Provident unde quasi et sed et. Sit nesciunt voluptatem sed omnis placeat quos. Libero sed veniam quas temporibus quis qui.', 1, '2019-04-17 02:14:22', '2019-04-17 02:14:22'),
(94, 1, 'Quinton Sauer', 'Ea iure nesciunt sit et sit vitae. Quis non maiores animi in. Voluptatum pariatur doloribus totam dolorum aliquid in. Est voluptatum laudantium itaque sapiente voluptatem id.', 1, '2019-04-17 02:14:22', '2019-04-17 02:14:22'),
(95, 7, 'Dr. Perry Reynolds', 'Magnam est dolorem repellendus delectus harum. Tempora error vitae assumenda beatae. Et a maiores sed iusto fugit. Sit magni sit dolorem eaque cupiditate laborum aut.', 0, '2019-04-17 02:14:22', '2019-04-17 02:14:22'),
(96, 37, 'Ms. Eveline Schinner DDS', 'Beatae culpa architecto ratione. Repellendus repudiandae deleniti autem animi dignissimos soluta voluptate quis. Ut molestiae aut voluptas et. Voluptatibus quos enim vero.', 4, '2019-04-17 02:14:22', '2019-04-17 02:14:22'),
(97, 43, 'Tomasa Barton', 'Architecto magni sapiente voluptatem assumenda officia provident. Accusantium ipsa rerum molestiae ea. Deleniti impedit error similique nulla sint at voluptate.', 5, '2019-04-17 02:14:22', '2019-04-17 02:14:22'),
(98, 26, 'Percival Schamberger', 'Maxime aliquid repudiandae molestiae animi eligendi. Architecto delectus sapiente fugit pariatur voluptas. Deserunt vero dolorem sunt non impedit sit consequatur id. Impedit sit in qui totam natus ipsum.', 4, '2019-04-17 02:14:22', '2019-04-17 02:14:22'),
(99, 28, 'Otto Gaylord', 'Voluptas ut quam earum esse rerum dolorum. Libero et quia repudiandae ut et. Sed molestiae voluptatem aliquid dolorem. Enim aliquam facilis quidem minima ab odit.', 3, '2019-04-17 02:14:22', '2019-04-17 02:14:22'),
(100, 38, 'Dr. Bailey Leannon PhD', 'Sequi architecto consequatur rerum. Dolor nemo quibusdam dolores rerum tenetur. Ea tempora nihil aut veritatis.', 2, '2019-04-17 02:14:22', '2019-04-17 02:14:22'),
(101, 10, 'David Schulist', 'Atque quisquam vero officiis corporis sunt. Odit nemo in ut veritatis voluptatem aliquid. Illum reiciendis in nulla itaque quibusdam. Iure assumenda tempore neque dolor debitis autem.', 1, '2019-04-17 02:14:22', '2019-04-17 02:14:22'),
(102, 46, 'Simone Wiza', 'Fuga impedit dolorem ad quis. Omnis et blanditiis sed dolores similique nam. Et soluta at labore quod maxime officia.', 3, '2019-04-17 02:14:22', '2019-04-17 02:14:22'),
(103, 21, 'Prof. Rachel Stark', 'Reprehenderit illum non maiores soluta. Molestias quibusdam laborum repellat beatae aspernatur qui officiis. Dolores molestiae facere dolorem repudiandae.', 0, '2019-04-17 02:14:22', '2019-04-17 02:14:22'),
(104, 14, 'Shanna Keebler III', 'Et aut sed ipsa asperiores quam. Voluptate autem sit reprehenderit. Nostrum sit totam qui voluptas modi. Nesciunt nihil non id quasi quibusdam.', 1, '2019-04-17 02:14:22', '2019-04-17 02:14:22'),
(105, 36, 'Pete Hettinger', 'Aperiam et nihil nobis odit vitae voluptate dolore. Voluptatem totam minus id quibusdam tempora necessitatibus dolores. Perspiciatis sunt voluptatem officiis similique.', 2, '2019-04-17 02:14:22', '2019-04-17 02:14:22'),
(106, 34, 'Miss Cindy Christiansen', 'Nesciunt debitis rem dolores odit ullam. Adipisci et deserunt pariatur sit. Quia voluptatem pariatur adipisci voluptas praesentium.', 5, '2019-04-17 02:14:22', '2019-04-17 02:14:22'),
(107, 35, 'Mr. Elliott Brekke III', 'Dolores quo laboriosam in harum. Itaque temporibus deserunt voluptatem aliquam doloremque consequatur atque aut. Rerum nihil itaque repellendus delectus ut nostrum amet. Voluptate et voluptas alias velit aliquid debitis ut est.', 4, '2019-04-17 02:14:22', '2019-04-17 02:14:22'),
(108, 7, 'Cathrine Dickinson', 'Dolores et aut et. Similique impedit cupiditate nobis doloribus et et reiciendis. Quidem aut et blanditiis consequuntur quidem.', 4, '2019-04-17 02:14:22', '2019-04-17 02:14:22'),
(109, 24, 'Ms. Verda Towne MD', 'Fuga nam autem eum molestiae nemo atque. Incidunt voluptas accusamus enim nam neque. Omnis accusantium doloremque ut sed aut. Qui culpa expedita explicabo cupiditate.', 1, '2019-04-17 02:14:22', '2019-04-17 02:14:22'),
(110, 20, 'Madge Mills Sr.', 'Consequuntur voluptas quam aut voluptas tenetur et praesentium. Architecto quae vero commodi ab provident.', 1, '2019-04-17 02:14:22', '2019-04-17 02:14:22'),
(111, 47, 'Jean D\'Amore', 'Dicta odio vel molestiae amet magni aut sequi. Dolorem ut dolore dolor qui cumque quis. Dolorem quisquam eligendi vero nesciunt.', 0, '2019-04-17 02:14:22', '2019-04-17 02:14:22'),
(112, 12, 'Jordan Green', 'Odio voluptatibus laboriosam ratione numquam suscipit voluptate. Odio omnis earum eos illum aut sunt. Iure aut similique eum praesentium sint. Voluptas aut molestiae facilis tempora laboriosam.', 3, '2019-04-17 02:14:22', '2019-04-17 02:14:22'),
(113, 21, 'Parker Kohler', 'Nemo consequatur ut nulla ut rerum adipisci id. Velit earum odit veritatis incidunt ex. Consectetur est fuga nobis et porro non ut. Et enim fuga dolor dolorum eos.', 2, '2019-04-17 02:14:22', '2019-04-17 02:14:22'),
(114, 17, 'Dr. Jacey Kautzer', 'Accusamus omnis molestiae quia magni non. Dolorem sit velit aut minus eos. Est odit sapiente veritatis. Facere quia illo aperiam omnis ut magnam debitis.', 0, '2019-04-17 02:14:22', '2019-04-17 02:14:22'),
(115, 49, 'Mr. Kory Hayes', 'Aut possimus corrupti impedit molestiae quos non. Optio nulla nostrum nulla. Architecto id eos fuga quo sit laboriosam. Ea nobis facilis pariatur atque molestiae iusto.', 0, '2019-04-17 02:14:22', '2019-04-17 02:14:22'),
(116, 22, 'Jermey Rippin', 'Rerum asperiores laudantium animi esse quia. Ut a est est in nam a. Numquam autem voluptatem ipsum quisquam maxime itaque.', 5, '2019-04-17 02:14:22', '2019-04-17 02:14:22'),
(117, 32, 'Ernie Rau', 'Et vel autem sit maiores iusto id. Consequatur qui consequatur assumenda rerum voluptatem consequatur et. Ut voluptate nostrum ipsa et.', 5, '2019-04-17 02:14:22', '2019-04-17 02:14:22'),
(118, 8, 'Zetta Gaylord', 'Et architecto harum dolore est enim rerum delectus. Ut rem voluptatum sequi voluptatibus velit.', 3, '2019-04-17 02:14:22', '2019-04-17 02:14:22'),
(119, 28, 'Fredy Leannon', 'Rem voluptatem pariatur tempora qui et quam sed. Voluptas illo enim incidunt aperiam odio nulla. Error quas aliquam deserunt quis a quia. Architecto voluptatem nihil explicabo vel magni sequi aut.', 3, '2019-04-17 02:14:22', '2019-04-17 02:14:22'),
(120, 20, 'Hubert Wiegand', 'Sit saepe ut libero est sit necessitatibus voluptas. Corrupti ea ratione ipsa eum sunt doloribus doloribus. Voluptas ipsum iure tempora natus quia est. Consectetur sint nostrum architecto consequatur.', 3, '2019-04-17 02:14:22', '2019-04-17 02:14:22'),
(121, 20, 'Derick Becker IV', 'Qui quia illum odio ipsa quos optio. Quis qui esse fugiat voluptatibus vel est quas. Quas ipsam expedita delectus magnam quo. Tempore eius eum cumque repellendus.', 5, '2019-04-17 02:14:22', '2019-04-17 02:14:22'),
(122, 36, 'Ariane Conroy', 'Corrupti odio maiores ipsa ea pariatur occaecati non. Nisi voluptatem facilis corrupti quia. Id et quia voluptatem voluptatem placeat voluptatem voluptate. Dolores omnis illum voluptatem omnis ipsa.', 2, '2019-04-17 02:14:22', '2019-04-17 02:14:22'),
(123, 47, 'Miss Destiney Lang', 'Quis eum quis dolorum sed est rem repellat. Reprehenderit perferendis mollitia qui molestiae dolorem odit ducimus. Maxime maiores iste dolor accusantium sit qui. Tempora voluptatem laboriosam explicabo suscipit vel adipisci tenetur. Non sed tempore hic dicta voluptates ullam quo.', 5, '2019-04-17 02:14:22', '2019-04-17 02:14:22'),
(124, 45, 'Adolph Kilback', 'Eaque vitae temporibus quisquam quia ipsa. Velit sunt repudiandae magnam odit vel eaque. Maiores alias sequi voluptatem qui incidunt voluptatibus. Nobis consequuntur quas aut vitae. Qui vel voluptatibus quam et qui a voluptate.', 3, '2019-04-17 02:14:22', '2019-04-17 02:14:22'),
(125, 23, 'Prof. Valentine King PhD', 'Quas omnis doloribus animi quos totam ea. Perferendis aut ut fugit illo. Odit qui non earum nulla ab aut eveniet.', 0, '2019-04-17 02:14:22', '2019-04-17 02:14:22'),
(126, 22, 'Boyd Schroeder', 'Similique quae debitis ut voluptas reprehenderit. Voluptatum a maxime tenetur eos. Cumque laborum consequatur consequatur voluptatum tenetur. Aut voluptatibus veritatis adipisci consectetur quaerat sed eum eligendi.', 2, '2019-04-17 02:14:22', '2019-04-17 02:14:22'),
(127, 10, 'Mr. Ignatius Adams DVM', 'Consequatur quia molestias ratione est distinctio. Facere in consequuntur dolorum molestiae corporis ipsa consequatur. Maxime quisquam voluptas molestias sit aut. Fugit soluta cupiditate enim quibusdam assumenda recusandae omnis. Optio placeat eum sit quidem non odit qui.', 2, '2019-04-17 02:14:22', '2019-04-17 02:14:22'),
(128, 8, 'Athena Kulas', 'Dolores et omnis omnis totam. Neque labore repellat at possimus amet quisquam labore. Necessitatibus qui nesciunt ut ab ullam quia.', 0, '2019-04-17 02:14:22', '2019-04-17 02:14:22'),
(129, 30, 'Violette Emmerich', 'Iusto suscipit illo aut. Aliquid quo provident enim sit sed corporis vitae. Nihil earum fugit perspiciatis minima dolorem sit aut.', 4, '2019-04-17 02:14:22', '2019-04-17 02:14:22'),
(130, 18, 'Mr. Demario Stiedemann', 'Dolor enim iusto culpa occaecati nisi omnis aliquid. Non maxime non eligendi ratione. Placeat ipsam nostrum quisquam magni maxime.', 0, '2019-04-17 02:14:22', '2019-04-17 02:14:22'),
(131, 13, 'Miss Amelia Berge', 'Quasi possimus dignissimos saepe ut. Id dicta et quia dolorem ut ipsum. In recusandae nulla accusamus vel.', 4, '2019-04-17 02:14:22', '2019-04-17 02:14:22'),
(132, 45, 'Alfonzo Wolf', 'Perferendis numquam unde possimus provident sit molestiae. Quos similique ut quia qui ut voluptas dolorum dolores. Asperiores veritatis necessitatibus dolorem soluta minus soluta dolore officia. Est accusantium et quod repellendus quia illum iste.', 4, '2019-04-17 02:14:22', '2019-04-17 02:14:22'),
(133, 18, 'Mr. Joey Marvin', 'Beatae quod ea officiis nemo quisquam. Magnam atque totam saepe aliquam.', 5, '2019-04-17 02:14:22', '2019-04-17 02:14:22'),
(134, 44, 'Cortez Windler', 'Totam sunt blanditiis velit dolorum velit cumque. Accusamus incidunt aliquam dolores enim nostrum accusamus id. Tenetur consequatur non hic assumenda qui vel consectetur rerum. Sit nisi laboriosam cupiditate aliquid qui quia debitis rerum. Dolor soluta voluptate nemo beatae.', 0, '2019-04-17 02:14:22', '2019-04-17 02:14:22'),
(135, 36, 'Janis Reichel', 'Quia dolore nobis minus voluptatibus et ut eius. Delectus suscipit placeat ut deleniti dolor dolores architecto. Quaerat rerum quo nemo fuga.', 4, '2019-04-17 02:14:22', '2019-04-17 02:14:22'),
(136, 8, 'Jan Rau', 'Voluptatem voluptas eos maiores. Numquam voluptatem mollitia est nemo. Assumenda velit ipsa atque voluptatibus nisi ratione et voluptatum. Dignissimos quae non sit illum voluptate alias officiis.', 4, '2019-04-17 02:14:22', '2019-04-17 02:14:22'),
(137, 11, 'Favian Gutkowski II', 'Nisi fuga atque iusto deleniti nihil repellendus. Dolores recusandae sit quos consectetur molestias. Et quia harum voluptas iste. Molestias officiis maxime consequatur est.', 2, '2019-04-17 02:14:22', '2019-04-17 02:14:22'),
(138, 11, 'Candelario Becker', 'Sit numquam nemo rerum earum hic fuga qui. Asperiores doloremque veniam culpa sed velit. Voluptatum magni ut quisquam. Cumque reiciendis voluptatem excepturi nostrum.', 5, '2019-04-17 02:14:22', '2019-04-17 02:14:22'),
(139, 41, 'Johnpaul Fahey DDS', 'Exercitationem incidunt in recusandae omnis. Delectus voluptates est excepturi qui in. Quo autem fuga ut. Et suscipit minima ratione officiis atque sit eligendi.', 3, '2019-04-17 02:14:22', '2019-04-17 02:14:22'),
(140, 7, 'Audra Keebler', 'Sint natus similique error eum et non numquam. Qui laborum voluptas sit alias eos. Tempore ut quaerat consequatur architecto nulla quam. Distinctio quaerat illum est qui. Id nemo vel qui sint.', 2, '2019-04-17 02:14:22', '2019-04-17 02:14:22'),
(141, 19, 'Alverta Howell', 'Aut sint dolor sequi. Fugit repellat minima neque mollitia ea. Vel quasi blanditiis id dolor id quibusdam sit. Dolores sit repudiandae saepe molestiae sint officia voluptatem.', 2, '2019-04-17 02:14:22', '2019-04-17 02:14:22'),
(142, 11, 'Eudora Rolfson', 'Consequatur voluptatem assumenda necessitatibus quos accusamus. Nulla odio unde dolores sequi id quis. Dolorum repellendus voluptatum laborum quia doloremque. Blanditiis nisi non optio sit qui.', 0, '2019-04-17 02:14:22', '2019-04-17 02:14:22'),
(143, 33, 'Veda Murazik', 'Dolor doloribus veritatis perspiciatis enim. Rerum asperiores minus molestiae voluptas aut. Reprehenderit ipsam voluptates et optio delectus est.', 2, '2019-04-17 02:14:22', '2019-04-17 02:14:22'),
(144, 4, 'Mr. Zachariah Corkery', 'Distinctio porro quisquam maxime corrupti odit blanditiis. Commodi et sapiente repellendus est. Deleniti beatae sequi eos et iste dolorem.', 1, '2019-04-17 02:14:22', '2019-04-17 02:14:22'),
(145, 39, 'Louvenia DuBuque', 'Eius ad quam quia cum voluptatibus. Eius nisi vitae reprehenderit. Eaque dolor iure sapiente occaecati.', 4, '2019-04-17 02:14:22', '2019-04-17 02:14:22'),
(146, 8, 'Abby Bruen', 'Dolorum assumenda voluptate omnis cumque consectetur. Consequatur quis qui ut porro voluptatem. Pariatur dolorum deleniti repellendus.', 2, '2019-04-17 02:14:22', '2019-04-17 02:14:22'),
(147, 41, 'Prof. Hollis Mraz', 'Quasi laborum dolorum et nemo. Et reiciendis vero minus suscipit voluptatum rerum voluptatum. Quia pariatur corrupti id repellat aut officiis quis. Sed veniam ratione voluptatem molestias earum rerum eaque.', 1, '2019-04-17 02:14:22', '2019-04-17 02:14:22'),
(148, 12, 'Prof. Noelia Lesch I', 'Atque et id consequatur beatae repudiandae. Ad id fugiat debitis atque ad nihil. Nostrum rerum hic error.', 5, '2019-04-17 02:14:22', '2019-04-17 02:14:22'),
(149, 17, 'Dr. Jerome Rosenbaum', 'Aperiam sit in possimus ut ipsam. Nobis quasi eos omnis ut facere.', 0, '2019-04-17 02:14:22', '2019-04-17 02:14:22'),
(150, 44, 'Edythe Bartell DDS', 'Aut incidunt consequatur qui. Animi illum deserunt amet maiores sed velit. Hic et quia odio quisquam.', 0, '2019-04-17 02:14:22', '2019-04-17 02:14:22'),
(151, 1, 'Rickey Weber', 'Placeat sapiente eum odit quo. Voluptatum et nostrum ullam aut explicabo autem. Omnis at eum cum enim eos voluptatem doloribus. Ut aliquam quo ipsum aut.', 4, '2019-04-17 02:14:22', '2019-04-17 02:14:22'),
(152, 16, 'Miss Avis Denesik', 'Sint quae nemo qui alias necessitatibus iure. Quia ipsa iste qui fugit dolores aspernatur. Maxime rerum libero eos rerum corporis rerum. Molestiae ea dicta debitis.', 3, '2019-04-17 02:14:22', '2019-04-17 02:14:22'),
(153, 9, 'Prof. Alda Labadie', 'Ipsum vitae debitis est aliquid delectus. Eaque possimus non odit id dolorem ut soluta mollitia. Consequatur dolor sint modi possimus non. Eius et est voluptatem iure.', 4, '2019-04-17 02:14:22', '2019-04-17 02:14:22'),
(154, 18, 'Zack Cole', 'Distinctio sit odit sunt et voluptate error. Aut voluptatum sed qui aperiam at sed recusandae. Dolor qui voluptatibus doloribus architecto. Odio assumenda nemo aut similique qui.', 1, '2019-04-17 02:14:22', '2019-04-17 02:14:22'),
(155, 44, 'Jordyn Schiller', 'Provident repudiandae doloremque officia aperiam autem ipsum. Sint quaerat voluptatem nemo saepe rerum.', 4, '2019-04-17 02:14:22', '2019-04-17 02:14:22'),
(156, 41, 'Annette Grant', 'Omnis adipisci nemo harum ut accusamus ipsam. Mollitia nostrum et et quae debitis placeat sapiente et. Sapiente et dolore ratione dolorem et harum. Reiciendis voluptas eos autem occaecati velit temporibus earum odit.', 5, '2019-04-17 02:14:22', '2019-04-17 02:14:22'),
(157, 1, 'Dr. Simone Bauch', 'Dicta corrupti at provident quo ratione fugiat ea soluta. Quia voluptatem aut ut aut.', 2, '2019-04-17 02:14:22', '2019-04-17 02:14:22'),
(158, 30, 'Prof. Viola Weimann II', 'Ut a officia assumenda est qui assumenda vel. Voluptate vel vero saepe similique ab facere.', 0, '2019-04-17 02:14:22', '2019-04-17 02:14:22'),
(159, 28, 'Alexandria McKenzie', 'Laboriosam officia dolore quos porro et explicabo. Recusandae voluptatem distinctio aperiam repudiandae eveniet. Dolor eum velit dolorum ut et dolores.', 3, '2019-04-17 02:14:22', '2019-04-17 02:14:22'),
(160, 34, 'Nickolas Nolan', 'Dolore et modi eum. Quasi ut fuga dolorem nulla qui. Ipsam aut ducimus quibusdam est assumenda omnis aliquid quia.', 1, '2019-04-17 02:14:22', '2019-04-17 02:14:22'),
(161, 31, 'Miss Icie Conn MD', 'Deleniti quasi non occaecati ad magnam. Illum tempora expedita quia excepturi quasi placeat non. Ut quo ut facere et qui modi aspernatur. Eum officia corrupti cum eos veniam provident sed inventore.', 2, '2019-04-17 02:14:22', '2019-04-17 02:14:22'),
(162, 37, 'Timothy Stanton', 'Quas occaecati minima vel quia doloremque. Sunt autem quia eum fuga sint. Vel veniam molestias aspernatur doloremque amet maiores. Alias maxime alias eius et deleniti et molestias cupiditate.', 5, '2019-04-17 02:14:22', '2019-04-17 02:14:22'),
(163, 31, 'Jackie Feest', 'Nostrum voluptatem sunt sequi impedit ipsam esse odit. Iusto modi eum doloremque suscipit doloribus facilis facilis inventore. Quia qui temporibus quis eius. Mollitia vitae voluptates vero ullam.', 2, '2019-04-17 02:14:22', '2019-04-17 02:14:22'),
(164, 8, 'Dahlia Cummerata I', 'Vel nulla est deserunt quam modi. Voluptatem iure earum expedita asperiores in assumenda. Et veniam velit itaque voluptate et ratione nesciunt blanditiis. Ut distinctio enim in reiciendis omnis veritatis esse voluptatem.', 2, '2019-04-17 02:14:22', '2019-04-17 02:14:22'),
(165, 23, 'Maymie Corkery III', 'Et quod vel vitae amet veniam. Reprehenderit numquam sed non enim est. Nam maxime voluptas et id consequatur dolores. Ea porro porro animi quis.', 5, '2019-04-17 02:14:22', '2019-04-17 02:14:22'),
(166, 8, 'Brian Dibbert', 'Est eveniet ut omnis tenetur ut architecto aperiam. Repudiandae omnis nihil qui. Excepturi reprehenderit neque a deleniti. Qui fugit qui quae quasi aut.', 2, '2019-04-17 02:14:22', '2019-04-17 02:14:22'),
(167, 9, 'Andreanne Larkin', 'Error sunt ut sit distinctio et dolor. Qui ut autem deserunt. Mollitia natus accusamus omnis neque nobis. Quo voluptatem sunt recusandae iste.', 2, '2019-04-17 02:14:22', '2019-04-17 02:14:22'),
(168, 34, 'Miss Scarlett Leannon', 'Ipsam quo aut dolor architecto quas. Alias exercitationem et assumenda repellendus doloremque. Ut ea ea repellat cumque.', 4, '2019-04-17 02:14:22', '2019-04-17 02:14:22'),
(169, 29, 'Jadon Turcotte', 'Iusto eligendi nesciunt voluptas. Quia vel incidunt molestiae facilis ut tempora non. Possimus magni magni iure impedit velit aut excepturi. Omnis quo laudantium minus voluptas sit.', 1, '2019-04-17 02:14:22', '2019-04-17 02:14:22'),
(170, 50, 'Jamal Mohr', 'Ducimus recusandae distinctio temporibus libero reprehenderit omnis molestiae. Possimus corrupti similique dolore deserunt at nam. Voluptatem ut eaque est voluptas eos harum fugit.', 1, '2019-04-17 02:14:22', '2019-04-17 02:14:22'),
(171, 11, 'Rosanna Hagenes', 'Autem eveniet et culpa at omnis. Perspiciatis placeat aut voluptatem tempore dolorem qui. Voluptas nihil ad quaerat est repellat commodi sint. Hic officiis voluptatum autem quo architecto. Quisquam voluptate numquam amet neque voluptatem.', 4, '2019-04-17 02:14:22', '2019-04-17 02:14:22'),
(172, 9, 'Mr. Murphy Barton', 'Repellat sunt quo dolorem molestias magni voluptas. Perferendis quo accusantium non vel et omnis veritatis. Sit consequuntur sint nesciunt dolorem ad sint aut autem.', 0, '2019-04-17 02:14:22', '2019-04-17 02:14:22'),
(173, 38, 'Aaliyah Flatley', 'Vel magnam voluptates non cumque ut qui quod. Doloribus sed id totam eius repudiandae assumenda. Eaque non et nemo nobis id soluta eligendi. Perferendis et qui ratione cupiditate.', 2, '2019-04-17 02:14:22', '2019-04-17 02:14:22'),
(174, 41, 'Carol Schmitt', 'Est sunt qui ut placeat et eaque porro. Exercitationem rerum consequuntur sit expedita. Qui assumenda doloremque cum ducimus.', 4, '2019-04-17 02:14:22', '2019-04-17 02:14:22'),
(175, 21, 'Mr. Bradley Haag I', 'Sit quas repudiandae libero deserunt impedit. Qui quidem nostrum eius numquam explicabo officiis. Possimus voluptatem quam ut sit minus magnam. Qui iure illo ut ullam cum.', 0, '2019-04-17 02:14:22', '2019-04-17 02:14:22'),
(176, 49, 'Dr. Edmond Volkman DVM', 'Et molestias omnis aut laudantium sit iure voluptas. Tempore aut ea aliquid et mollitia est doloremque.', 0, '2019-04-17 02:14:22', '2019-04-17 02:14:22'),
(177, 12, 'Dr. Noemie Schmidt', 'Asperiores qui blanditiis suscipit quia itaque nihil hic. Mollitia labore voluptas saepe voluptatem suscipit aut perferendis. Aspernatur quae culpa voluptas nesciunt totam neque eum nihil. Ipsa consequatur debitis fuga id totam exercitationem.', 0, '2019-04-17 02:14:22', '2019-04-17 02:14:22'),
(178, 21, 'Sarai Wilderman', 'Tenetur magni ut commodi adipisci nihil asperiores eius. Sint ipsam atque est nisi possimus iure. Iste et magnam error soluta sint distinctio. Praesentium quasi id eius.', 0, '2019-04-17 02:14:22', '2019-04-17 02:14:22'),
(179, 31, 'Brian Blanda', 'Aut libero iusto enim repellat ipsum. Eos et voluptatem deserunt aut voluptatem cumque temporibus. Sequi id enim impedit eligendi sapiente.', 3, '2019-04-17 02:14:22', '2019-04-17 02:14:22'),
(180, 46, 'Eldridge Rolfson', 'Aut provident aut voluptas quo non ullam aut fugiat. Perferendis dolores ut commodi consequatur. Voluptatem tempora et praesentium excepturi velit amet.', 5, '2019-04-17 02:14:22', '2019-04-17 02:14:22'),
(181, 36, 'Prof. Grayce Yost', 'Ipsum ipsum pariatur modi eum excepturi esse aut. Molestiae et corporis sit aliquid porro. Voluptatem numquam quaerat eligendi dolor. Illo debitis tenetur dolores dolores sit ipsa et.', 3, '2019-04-17 02:14:22', '2019-04-17 02:14:22'),
(182, 10, 'Violette Klein', 'Fugit fuga pariatur sed repudiandae et quam necessitatibus nihil. Qui quaerat natus ut recusandae et ab. In sapiente id delectus non magnam dolorum fugiat. Perspiciatis consequuntur excepturi molestiae laborum totam.', 5, '2019-04-17 02:14:22', '2019-04-17 02:14:22'),
(183, 45, 'Osbaldo Hessel', 'Modi nesciunt ullam quibusdam reprehenderit voluptatum. Dolorem ut maxime voluptatem voluptatem. In ut dolorem tempore nulla ea. Non harum aut velit saepe perspiciatis accusantium omnis.', 0, '2019-04-17 02:14:22', '2019-04-17 02:14:22'),
(184, 34, 'Hudson Schiller V', 'Omnis et voluptas consequatur modi perspiciatis quia repudiandae. Esse laboriosam error doloribus non blanditiis aliquam facilis.', 2, '2019-04-17 02:14:22', '2019-04-17 02:14:22'),
(185, 41, 'Miss Imogene Hand III', 'Sunt vero cumque ut voluptatibus. Distinctio sed facere harum dignissimos aut recusandae tenetur. Molestiae velit esse molestiae.', 5, '2019-04-17 02:14:22', '2019-04-17 02:14:22'),
(186, 27, 'Ara Cummings', 'Quod molestias rerum corrupti et. Aliquid ab aut fugiat error quo eligendi fugiat laudantium. Possimus sit doloribus voluptas nulla fugiat quod quis eligendi. Id impedit vel aliquam est et.', 2, '2019-04-17 02:14:22', '2019-04-17 02:14:22'),
(187, 38, 'Anissa Schaefer', 'Nisi molestiae quaerat voluptate dolorem. Laudantium voluptate omnis ad nihil labore reprehenderit eum. Reiciendis praesentium quis libero et ea id est. Libero voluptatem est commodi.', 1, '2019-04-17 02:14:22', '2019-04-17 02:14:22'),
(188, 42, 'Efrain Hansen', 'Occaecati beatae ipsa error et quas voluptatum quidem. Numquam vel sit velit et.', 4, '2019-04-17 02:14:22', '2019-04-17 02:14:22'),
(189, 2, 'Amya O\'Conner', 'Voluptas odit explicabo architecto et veritatis. Sunt eum aut ut. Placeat et est sint dolorem.', 3, '2019-04-17 02:14:22', '2019-04-17 02:14:22'),
(190, 47, 'Carolanne Schumm', 'Quasi in quaerat et sit est et veniam. Voluptas cupiditate dolor dolores modi reprehenderit ut unde. Et alias sit maiores. Sit voluptates ut similique quae. Rerum eaque amet commodi aut.', 4, '2019-04-17 02:14:22', '2019-04-17 02:14:22'),
(191, 37, 'Ms. Leonor Hettinger V', 'Delectus delectus et dignissimos reprehenderit velit. Voluptas ipsa consequatur placeat illum voluptates corporis et rerum.', 0, '2019-04-17 02:14:22', '2019-04-17 02:14:22'),
(192, 3, 'Mr. Garrett Keebler', 'Rem quas qui est veniam et natus quidem. Voluptatem dicta inventore voluptatibus. Delectus est id voluptatem at. At culpa iure et possimus eius ullam quia.', 2, '2019-04-17 02:14:22', '2019-04-17 02:14:22'),
(193, 46, 'Mr. Dewitt Miller IV', 'Consequatur voluptas debitis quos corrupti. Dolores voluptatem sed hic nihil.', 4, '2019-04-17 02:14:22', '2019-04-17 02:14:22'),
(194, 45, 'Raphaelle Becker', 'Ut in quasi libero modi possimus nisi aut. Necessitatibus enim optio aliquid omnis et dolorum. Esse in odio ea consequatur aperiam.', 2, '2019-04-17 02:14:22', '2019-04-17 02:14:22'),
(195, 11, 'Mr. Garrett Beier III', 'Quae non exercitationem sunt repudiandae et esse aut fugiat. Natus maxime consectetur nemo vitae. Neque ea molestiae est. Perspiciatis nisi a voluptatem et ipsam consectetur.', 1, '2019-04-17 02:14:22', '2019-04-17 02:14:22'),
(196, 9, 'Frieda Effertz', 'Dolorem modi sed modi eum qui. Alias rerum accusamus dolores praesentium nemo. Quas eum in harum rem rerum sed neque. Ex maxime id et doloremque rerum nobis aperiam.', 0, '2019-04-17 02:14:22', '2019-04-17 02:14:22'),
(197, 50, 'Mr. Jaleel Kihn', 'Expedita voluptas tempora odit quaerat illo quas similique. Voluptatem est sed nihil aut sequi. Ad enim earum doloremque impedit.', 0, '2019-04-17 02:14:22', '2019-04-17 02:14:22'),
(198, 22, 'Leann Fritsch', 'Commodi omnis ut asperiores rerum et. Doloremque ab similique ratione eum sit. Est occaecati sint et aut eos quaerat quos. Amet aut cupiditate similique aliquid impedit optio.', 1, '2019-04-17 02:14:22', '2019-04-17 02:14:22'),
(199, 43, 'Prof. Evelyn Volkman', 'Ut facilis labore ut amet ratione. Sed qui aperiam ipsam ut error nihil delectus. Ullam voluptatum quia ducimus nihil aut quia excepturi ab. Provident qui enim modi qui fuga libero expedita.', 3, '2019-04-17 02:14:22', '2019-04-17 02:14:22'),
(200, 16, 'Serenity O\'Hara', 'Dolorem est esse cum at sunt vero. Quae quis eos totam perspiciatis autem. At commodi est nobis ut ipsa delectus itaque. Cum amet at sequi et itaque.', 2, '2019-04-17 02:14:22', '2019-04-17 02:14:22'),
(201, 37, 'Simone Von', 'Occaecati sint eaque minima sunt. Fuga modi fuga saepe. Dolorem corporis similique voluptas delectus sunt. Maiores magni ut in distinctio qui unde.', 0, '2019-04-17 02:14:22', '2019-04-17 02:14:22'),
(202, 44, 'Branson Cormier', 'Doloremque reiciendis enim temporibus rerum. Voluptatem culpa id quod neque veniam. Iure quia explicabo aut rerum.', 3, '2019-04-17 02:14:22', '2019-04-17 02:14:22'),
(203, 40, 'Dr. Kyler Blanda DDS', 'Eos magnam possimus adipisci incidunt voluptatem in unde magnam. Dolorum voluptas aut perferendis ad est. Ut necessitatibus ut et delectus ut.', 4, '2019-04-17 02:14:22', '2019-04-17 02:14:22'),
(204, 39, 'Lauriane Witting', 'Nam cumque tenetur eum qui quam et fuga. Soluta cupiditate praesentium consectetur earum. Hic quia eum odio aspernatur dolore reprehenderit eaque quo.', 3, '2019-04-17 02:14:22', '2019-04-17 02:14:22'),
(205, 11, 'Caesar Prohaska', 'Provident eius et voluptatem. Delectus nihil sint quod omnis quasi ut. Odio error harum cum fuga aspernatur.', 4, '2019-04-17 02:14:22', '2019-04-17 02:14:22'),
(206, 43, 'Lilliana Kessler PhD', 'Impedit nihil voluptas ut. Id maiores mollitia itaque similique. Est dolor ratione ullam sed sit ipsa et. Similique molestias eos ducimus occaecati tenetur.', 4, '2019-04-17 02:14:22', '2019-04-17 02:14:22'),
(207, 17, 'Dr. Monty Strosin', 'Et consectetur ex aut unde quia magnam. Facilis et ut possimus. Tempora in soluta aut consequatur dolor voluptatem et natus.', 0, '2019-04-17 02:14:22', '2019-04-17 02:14:22'),
(208, 24, 'Belle Keebler Sr.', 'Natus amet nostrum vero incidunt totam. Similique odio ea qui esse exercitationem autem beatae. Eveniet praesentium nostrum perferendis atque eius officia.', 5, '2019-04-17 02:14:22', '2019-04-17 02:14:22'),
(209, 5, 'Mertie Vandervort', 'Quibusdam mollitia quis rerum occaecati. Occaecati deleniti voluptatem excepturi dicta rem quas consequatur. Nemo ut dolor ut et ab. Placeat omnis cumque qui quo iusto iste amet. Reprehenderit dolor aut nesciunt velit possimus nesciunt.', 5, '2019-04-17 02:14:22', '2019-04-17 02:14:22'),
(210, 27, 'Angie Baumbach', 'Rerum iusto impedit ut at dolor. Reprehenderit saepe molestiae quasi saepe. Sint tempora officiis aut fugiat voluptate dolorem. Qui maxime iure iusto rem.', 1, '2019-04-17 02:14:22', '2019-04-17 02:14:22');
INSERT INTO `reviews` (`id`, `product_id`, `customer`, `review`, `star`, `created_at`, `updated_at`) VALUES
(211, 36, 'Vilma Sanford', 'Aperiam et eum voluptas laboriosam minima quisquam. Alias quos culpa quia aut corrupti. Eius fuga ab amet dolor doloribus. Provident hic aut soluta est.', 3, '2019-04-17 02:14:22', '2019-04-17 02:14:22'),
(212, 49, 'Marquis Maggio', 'Esse molestiae est et corporis vel commodi et. Commodi expedita sed velit autem facilis eveniet aut. Aliquam suscipit omnis recusandae inventore reprehenderit. Autem enim quia in ipsam qui.', 4, '2019-04-17 02:14:22', '2019-04-17 02:14:22'),
(213, 26, 'Prof. Lionel Corwin', 'Dolores ex rem sit quisquam dolor ut quas modi. Ducimus animi eos iste error. Dolorem enim nam suscipit ut.', 1, '2019-04-17 02:14:22', '2019-04-17 02:14:22'),
(214, 17, 'Mr. Colten Dickens', 'Qui deleniti fuga placeat aperiam. Quae vero doloribus cupiditate ipsa accusantium doloribus qui. Cum ut non ea ea. Porro laborum possimus quos fugiat aliquid cupiditate. Fugiat beatae qui et facere.', 5, '2019-04-17 02:14:22', '2019-04-17 02:14:22'),
(215, 49, 'Ms. Alysson Williamson II', 'Inventore omnis ea enim. Cumque eum consequatur qui facilis eos aut. Ut assumenda omnis et quae omnis.', 4, '2019-04-17 02:14:22', '2019-04-17 02:14:22'),
(216, 21, 'Dr. Imogene Donnelly II', 'Molestiae voluptates voluptatum laborum repudiandae autem amet corporis. Optio nostrum molestias error et quod ea. Laborum qui exercitationem voluptatem harum ut natus. Pariatur ut rerum magni aut exercitationem minima fuga alias.', 1, '2019-04-17 02:14:22', '2019-04-17 02:14:22'),
(217, 22, 'Wiley Shanahan', 'Suscipit cumque exercitationem reiciendis molestiae. Nam perferendis dolorem quidem illo. Nostrum qui non reprehenderit et labore non. Eos illo et quisquam qui provident autem.', 0, '2019-04-17 02:14:22', '2019-04-17 02:14:22'),
(218, 34, 'Isabella Morar', 'Enim ea et veritatis facere velit. Est aut laudantium aliquam placeat temporibus enim. Voluptatum dolor ad nisi.', 2, '2019-04-17 02:14:22', '2019-04-17 02:14:22'),
(219, 24, 'Orin Hegmann', 'Enim tenetur porro vel. Aut deleniti ipsa et accusamus nobis. Velit odit adipisci rerum delectus et. Repellendus adipisci quaerat sint perspiciatis aliquid officiis.', 5, '2019-04-17 02:14:22', '2019-04-17 02:14:22'),
(220, 23, 'Donnell Stiedemann', 'Exercitationem sint sunt doloremque aut voluptatum ipsa maiores. Dolor sapiente dolor blanditiis est. Minima dicta quas qui consequatur a repudiandae.', 4, '2019-04-17 02:14:22', '2019-04-17 02:14:22'),
(221, 21, 'Camylle Olson', 'Expedita beatae molestias aut aperiam modi error aliquam. Enim et libero enim saepe non aut. Doloremque aut ex in sint et. Ut voluptate deleniti in ut fugiat impedit.', 2, '2019-04-17 02:14:22', '2019-04-17 02:14:22'),
(222, 28, 'Ardith Zulauf', 'Corporis pariatur dignissimos odit ullam nihil. Delectus quibusdam blanditiis error molestiae suscipit sunt voluptatem. Quae est placeat sit velit et qui. Hic et ut ullam.', 0, '2019-04-17 02:14:22', '2019-04-17 02:14:22'),
(223, 8, 'Madisyn Sporer', 'Molestias ipsum harum enim. Dolor tempora sed autem voluptate aspernatur qui. Atque vel dolor inventore eum maiores.', 4, '2019-04-17 02:14:22', '2019-04-17 02:14:22'),
(224, 9, 'Dejuan Gerhold', 'Et sit reprehenderit animi minima ut maiores. Dicta itaque sit fuga quae voluptatem odio temporibus. Sunt nesciunt et neque quae numquam molestiae ut. Pariatur molestias et et eius et harum suscipit.', 3, '2019-04-17 02:14:22', '2019-04-17 02:14:22'),
(225, 11, 'Gus Ryan', 'Id consequatur nesciunt rerum est. Facilis sit ut qui quia. Placeat aliquam dolorem voluptatum corporis repellendus quo architecto. Non officiis molestiae amet dolores.', 2, '2019-04-17 02:14:22', '2019-04-17 02:14:22'),
(226, 12, 'Izabella Jerde', 'Voluptas est consequuntur similique quod. Sit aut quia dolor aut. Est consequuntur vel sed nemo fuga tempore distinctio. Soluta corrupti quo rerum culpa suscipit illum.', 0, '2019-04-17 02:14:22', '2019-04-17 02:14:22'),
(227, 45, 'Tre Steuber MD', 'Sunt quod et voluptatem tempora. Vel nostrum doloremque voluptatem esse et numquam ipsam ab. Sint quia nesciunt sunt. Totam itaque soluta architecto quidem architecto ut tenetur ab.', 4, '2019-04-17 02:14:22', '2019-04-17 02:14:22'),
(228, 50, 'Prof. Hank O\'Reilly MD', 'Hic non sint sequi occaecati aperiam. Soluta et ullam voluptatem quibusdam atque. Aut sit sapiente voluptatibus recusandae pariatur. Culpa quis soluta distinctio sapiente.', 2, '2019-04-17 02:14:22', '2019-04-17 02:14:22'),
(229, 24, 'Alanna Collier', 'Aut sint facere unde voluptas vel voluptatem. Blanditiis est eius magnam praesentium impedit nihil. Non voluptas voluptates ut deserunt provident ex.', 2, '2019-04-17 02:14:22', '2019-04-17 02:14:22'),
(230, 33, 'Brooke Nader', 'Repudiandae aliquid aut voluptatibus impedit qui. Omnis libero facilis fugiat et repellat. Molestiae quo facere voluptatem et. Sit dolore omnis molestiae non dolores optio.', 4, '2019-04-17 02:14:22', '2019-04-17 02:14:22'),
(231, 25, 'Richie Zulauf', 'Harum est eveniet neque dolores reiciendis quia est. Delectus quia excepturi eos eum ab natus. Aut nihil excepturi dolorem quas repellendus.', 1, '2019-04-17 02:14:22', '2019-04-17 02:14:22'),
(232, 7, 'Adah Howell', 'Accusantium sit dolorem harum dolor blanditiis esse. Ducimus molestiae assumenda ea excepturi et. Rerum aut id nostrum saepe quod. Quia ut officiis quod maxime. Sequi reprehenderit dolorum molestiae quae aliquid voluptatem.', 0, '2019-04-17 02:14:22', '2019-04-17 02:14:22'),
(233, 42, 'Aimee Thompson II', 'Est quam voluptatem suscipit numquam itaque. Maxime dolor dolorem ex. Enim ut et accusamus ab. Beatae labore cum id dolore.', 4, '2019-04-17 02:14:22', '2019-04-17 02:14:22'),
(234, 49, 'Hobart Gaylord', 'Aut commodi quisquam dolorum eos adipisci inventore. Voluptatem soluta reprehenderit voluptates quaerat architecto sunt. Veritatis et laudantium eius ex minima rerum. Labore eos reprehenderit deleniti similique et.', 1, '2019-04-17 02:14:22', '2019-04-17 02:14:22'),
(235, 34, 'Burdette Beatty', 'Repellat consequuntur deserunt fuga saepe quod. Magni sed quis qui accusantium voluptatum architecto. Quo numquam qui esse voluptatum ipsum culpa.', 1, '2019-04-17 02:14:22', '2019-04-17 02:14:22'),
(236, 12, 'Phoebe Fay Jr.', 'Hic adipisci repudiandae quis aspernatur unde. Velit quia quia nisi at dignissimos officia velit. Sunt eum dignissimos qui quidem laudantium ratione velit. Assumenda et sed error magni dolorem ratione est corrupti.', 5, '2019-04-17 02:14:22', '2019-04-17 02:14:22'),
(237, 33, 'Evert Windler', 'Aut repellat ea reiciendis id voluptatem. Occaecati voluptatem quia ducimus magni. Tenetur vitae aut quia ut quia qui.', 3, '2019-04-17 02:14:22', '2019-04-17 02:14:22'),
(238, 22, 'Prof. Emilio Bashirian', 'Sapiente adipisci asperiores ipsum. Error et delectus optio sint eveniet quo. Enim corrupti non molestiae minus voluptas et ratione qui.', 2, '2019-04-17 02:14:22', '2019-04-17 02:14:22'),
(239, 15, 'Sage Prosacco', 'Ipsam quia totam est quo soluta beatae omnis. Quasi fuga et hic dolorem reprehenderit. Mollitia rerum numquam autem rem omnis ipsam voluptatum.', 0, '2019-04-17 02:14:22', '2019-04-17 02:14:22'),
(240, 47, 'Thelma Hauck', 'Excepturi quis quis accusamus aut illum qui. Sed sed animi quo omnis. Quia maiores aut et et natus neque. Fuga est quas veniam velit voluptatem commodi.', 0, '2019-04-17 02:14:22', '2019-04-17 02:14:22'),
(241, 11, 'Dr. Iva Considine III', 'Odit qui voluptatem incidunt id ut sequi laudantium. Hic non unde fugiat accusamus similique sunt repudiandae. Nulla at quam occaecati veritatis fugiat alias. Consequatur et maiores pariatur atque.', 4, '2019-04-17 02:14:22', '2019-04-17 02:14:22'),
(242, 36, 'Clotilde Kuhlman', 'Qui officia rerum in est accusantium. Voluptatem quibusdam ducimus qui nihil. Culpa explicabo ut enim quas.', 4, '2019-04-17 02:14:22', '2019-04-17 02:14:22'),
(243, 40, 'Estell Pagac', 'Repudiandae quisquam vero aut asperiores dignissimos. Aperiam non aspernatur voluptas. Maxime harum expedita et perspiciatis ab. Minima aut odit ipsam recusandae qui quia veniam.', 4, '2019-04-17 02:14:22', '2019-04-17 02:14:22'),
(244, 27, 'Chanel Price I', 'Aliquid sequi et quasi neque eaque laboriosam corporis consequatur. Dolor sit atque excepturi ea excepturi rem. Aliquam est ex in. Animi cupiditate ducimus cum earum dolor est et. Ab ut autem labore rerum sit et sint est.', 1, '2019-04-17 02:14:22', '2019-04-17 02:14:22'),
(245, 6, 'Dr. Murray Tromp Sr.', 'Alias sunt explicabo voluptate odio molestiae sequi sit sunt. Necessitatibus dolorem numquam numquam aut veniam in. Neque sit repudiandae error eius officia quaerat atque. Atque quo recusandae repellendus libero tempore id.', 3, '2019-04-17 02:14:22', '2019-04-17 02:14:22'),
(246, 3, 'Araceli Ankunding', 'Amet placeat ratione corporis voluptas corporis. Recusandae consequuntur sunt laudantium autem error aut sed. Voluptates harum suscipit consequatur voluptas et officia.', 2, '2019-04-17 02:14:22', '2019-04-17 02:14:22'),
(247, 31, 'Cassie Halvorson', 'Ipsum in aut et qui. Aut ut fuga aliquid. Fugit sunt eius magni molestias repudiandae quis beatae. Et qui suscipit aliquid corporis sequi reprehenderit.', 2, '2019-04-17 02:14:22', '2019-04-17 02:14:22'),
(248, 49, 'Aurelia Connelly', 'Maxime tenetur dolores porro. Beatae velit vel enim perspiciatis quae sapiente mollitia sit. Consectetur vel aut quam iusto.', 4, '2019-04-17 02:14:22', '2019-04-17 02:14:22'),
(249, 30, 'Jerrod Runte', 'Architecto tempore adipisci possimus sunt inventore repudiandae blanditiis. Eos aperiam accusamus ducimus quis incidunt est voluptas.', 2, '2019-04-17 02:14:22', '2019-04-17 02:14:22'),
(250, 50, 'Dr. Frank O\'Conner MD', 'Corporis est non error aliquid nobis voluptatem. Tempore commodi voluptatem eaque quia repellat. Omnis sit rerum omnis eaque animi in velit.', 2, '2019-04-17 02:14:22', '2019-04-17 02:14:22'),
(251, 20, 'Izaiah O\'Keefe', 'Cum illo consectetur placeat magni voluptas est. Et molestias adipisci quasi est laboriosam eum. Doloremque nesciunt ratione labore quia id. Est eum quo adipisci ea tempore in eligendi omnis.', 1, '2019-04-17 02:14:22', '2019-04-17 02:14:22'),
(252, 24, 'Hillary Cassin', 'Esse laboriosam accusamus voluptatem vel voluptate. Odio ullam quas dicta dolorem. Qui quidem eum nobis nemo omnis placeat placeat.', 0, '2019-04-17 02:14:22', '2019-04-17 02:14:22'),
(253, 17, 'Miss Adelle Cartwright', 'Culpa voluptas consectetur illum harum fugit in. Repellendus atque itaque saepe reprehenderit tempora est. Ipsa quo ipsam excepturi error sit omnis. Velit quo sequi corrupti minima doloribus totam eligendi.', 4, '2019-04-17 02:14:22', '2019-04-17 02:14:22'),
(254, 3, 'Mrs. Mikayla Green II', 'Debitis qui est fuga aut odit. Ipsa nisi dolor beatae quia et facilis iusto. Voluptas sunt aut tenetur expedita modi nisi optio.', 2, '2019-04-17 02:14:22', '2019-04-17 02:14:22'),
(255, 50, 'Tyrique Kozey', 'Tenetur nostrum laborum quod quaerat. Ea quia voluptatibus qui beatae aspernatur est quisquam. Perferendis optio dolore voluptatem ut sed dolores.', 0, '2019-04-17 02:14:22', '2019-04-17 02:14:22'),
(256, 6, 'Maynard Carter', 'Velit sed culpa consequatur suscipit officia nostrum. Perferendis animi fuga voluptate aut non quaerat et velit. Quia molestias nam autem temporibus.', 4, '2019-04-17 02:14:22', '2019-04-17 02:14:22'),
(257, 42, 'Nakia Murazik I', 'Ut iure voluptatem quasi fugit. Distinctio perspiciatis nobis et. Sunt cumque eos tempora nihil occaecati.', 0, '2019-04-17 02:14:22', '2019-04-17 02:14:22'),
(258, 33, 'Mrs. Esther Murazik DVM', 'Voluptatem excepturi ducimus repellendus rerum. Officia recusandae voluptatem fugit minima accusantium enim. Sint nihil natus corrupti velit a repudiandae provident dicta. Cupiditate sint ipsum eius laboriosam.', 0, '2019-04-17 02:14:22', '2019-04-17 02:14:22'),
(259, 2, 'Maud Schinner', 'Consequatur adipisci sunt aspernatur occaecati possimus. Ipsa voluptatem excepturi quo voluptatibus voluptatem porro ea. Dolores ut occaecati qui aperiam quam soluta eos. Omnis ea iste est dolor quis.', 2, '2019-04-17 02:14:22', '2019-04-17 02:14:22'),
(260, 2, 'Dr. Benny Wilderman IV', 'Quaerat accusantium sint sunt. Officia officiis qui quibusdam ducimus placeat. Et provident corporis iure a impedit sed est distinctio.', 2, '2019-04-17 02:14:22', '2019-04-17 02:14:22'),
(261, 44, 'Cesar Larkin', 'Et repudiandae aliquam eos quisquam aliquid quod repudiandae quam. Sed et ex neque ut delectus adipisci. Quia velit quaerat et neque eos. Possimus iure laboriosam incidunt odio eius fuga est.', 5, '2019-04-17 02:14:22', '2019-04-17 02:14:22'),
(262, 6, 'Mr. Brennon Carter', 'Ut tempora accusantium fugit architecto. Aut temporibus quis voluptatem debitis modi alias. Est aut eos harum ipsam illum adipisci. Qui qui ea et aut saepe.', 3, '2019-04-17 02:14:22', '2019-04-17 02:14:22'),
(263, 28, 'Dr. Hailee Trantow III', 'Perspiciatis officiis est eaque eveniet non. Laborum eligendi nisi quam non omnis sit quaerat. Iure facilis delectus sunt id dolore. Et culpa enim assumenda sunt enim reprehenderit.', 1, '2019-04-17 02:14:22', '2019-04-17 02:14:22'),
(264, 26, 'Mr. Christopher Blanda', 'Tenetur nostrum et eum voluptate. Aut nam et deleniti quia accusamus neque possimus. Officiis dolorem eligendi ab quibusdam nihil incidunt corrupti. Aliquam quos qui assumenda molestiae aut.', 3, '2019-04-17 02:14:22', '2019-04-17 02:14:22'),
(265, 41, 'Dr. Hal Bailey II', 'Maxime laborum mollitia aliquam voluptate similique voluptas facilis. Cum enim commodi id maxime. Necessitatibus quas quod aut consequatur. Non vel vero veniam.', 2, '2019-04-17 02:14:22', '2019-04-17 02:14:22'),
(266, 40, 'Emilia Simonis DDS', 'Est eius mollitia quis atque excepturi qui. Vero nostrum porro corrupti. Eius minima deserunt omnis rerum magnam ut. Perferendis et deserunt molestias eos ab ea quaerat.', 5, '2019-04-17 02:14:22', '2019-04-17 02:14:22'),
(267, 20, 'Serenity Stracke', 'Accusantium quia minima quo omnis delectus. Saepe facere sint atque omnis impedit doloribus quia. Dolores temporibus voluptate veniam cupiditate et quia nostrum. Quis modi corporis aut quis et doloribus repudiandae tempora.', 1, '2019-04-17 02:14:22', '2019-04-17 02:14:22'),
(268, 27, 'Cecil Haag', 'Ut labore corporis quaerat qui dolorem repudiandae. Cumque officiis eaque aperiam quaerat ut perspiciatis. Odit repudiandae porro iste repellat quasi qui ut quia. Enim et molestiae rem ut non eaque.', 5, '2019-04-17 02:14:22', '2019-04-17 02:14:22'),
(269, 22, 'Prof. Deondre Jones', 'Qui quaerat voluptas aut voluptatem. Expedita eaque voluptate placeat reprehenderit velit natus aliquam. Quia nostrum consequatur quisquam ad. Laborum et voluptatem optio qui rerum velit odio.', 2, '2019-04-17 02:14:22', '2019-04-17 02:14:22'),
(270, 36, 'Prof. Waylon Howe', 'Consequatur dolores quaerat ea. Sint quia qui at sit.', 1, '2019-04-17 02:14:22', '2019-04-17 02:14:22'),
(271, 5, 'Dr. Emile Borer PhD', 'Excepturi adipisci expedita perferendis et rem placeat alias. Accusamus fugiat occaecati nam quis corporis nihil. Earum doloribus at neque consequatur dolorem. Illum et provident distinctio harum sed numquam.', 4, '2019-04-17 02:14:22', '2019-04-17 02:14:22'),
(272, 4, 'Carlo Wyman', 'Id earum enim molestias voluptate et. Vitae accusamus adipisci labore eos. Voluptatum sit nobis sint. Necessitatibus voluptatem quos expedita eum nobis. Laboriosam voluptate reprehenderit doloremque omnis et in est ex.', 2, '2019-04-17 02:14:22', '2019-04-17 02:14:22'),
(273, 13, 'Mrs. Robyn Beer Jr.', 'Quia numquam est autem sed iste vel sed. Sunt provident dolore eum. Tenetur qui vel et voluptate architecto tempora.', 4, '2019-04-17 02:14:22', '2019-04-17 02:14:22'),
(274, 3, 'Dr. Arlo Satterfield', 'Rerum et eos quo praesentium hic corporis. Dolorem reiciendis voluptatibus mollitia delectus. Et quo corrupti ipsa ipsam unde dolor.', 3, '2019-04-17 02:14:22', '2019-04-17 02:14:22'),
(275, 39, 'Krystina Lehner', 'Debitis quos id quibusdam saepe rem nobis qui. Molestias similique distinctio quos esse officiis eius in. Reprehenderit qui sint vel numquam est. Laborum corporis rem ex eveniet voluptas et. Reprehenderit quas eos qui et qui rerum repudiandae.', 4, '2019-04-17 02:14:22', '2019-04-17 02:14:22'),
(276, 47, 'Percival Schmidt', 'Magni aut quos sit aut ut est. Quia illo ipsa perferendis eveniet fugit. Fugiat tenetur exercitationem magnam nam.', 1, '2019-04-17 02:14:22', '2019-04-17 02:14:22'),
(277, 26, 'Cecile Torp', 'Eos non aut dolores in. Omnis maiores eius animi ipsa quibusdam. Eius et in quo quis.', 0, '2019-04-17 02:14:22', '2019-04-17 02:14:22'),
(278, 7, 'Krista Shanahan', 'Dicta corrupti minima sed nisi. Hic aut qui consequatur quaerat facere. Aut est unde ipsum est consequatur qui assumenda quidem.', 4, '2019-04-17 02:14:22', '2019-04-17 02:14:22'),
(279, 28, 'Prof. Ola Bogan DDS', 'Excepturi aut doloremque quis occaecati. Possimus maxime quidem iure placeat officia veniam. Pariatur rem laudantium est voluptatem ratione placeat quia. Dolores rem ducimus et in rerum doloremque exercitationem odio. Accusantium qui corrupti repellendus.', 3, '2019-04-17 02:14:22', '2019-04-17 02:14:22'),
(280, 41, 'Aida Rowe', 'Vel maxime consequatur id modi odit aut doloremque. Voluptatem architecto sunt nisi non optio omnis odit. Corrupti sit maiores soluta est eum laudantium ea dolorum. Aut sit reiciendis laudantium accusantium fugit voluptatem ullam.', 2, '2019-04-17 02:14:22', '2019-04-17 02:14:22'),
(281, 22, 'Mr. Lawson Heller DVM', 'Iure eum quae voluptatem dignissimos molestiae repudiandae necessitatibus asperiores. Ipsam sed qui facilis. Ullam ratione architecto iure et inventore vero vel.', 1, '2019-04-17 02:14:22', '2019-04-17 02:14:22'),
(282, 2, 'Randi O\'Kon V', 'Voluptatum voluptatem quas velit vero totam alias maiores. Qui voluptatem aperiam voluptatem dignissimos magni voluptatem dolor. Suscipit et rerum molestiae possimus officiis.', 3, '2019-04-17 02:14:22', '2019-04-17 02:14:22'),
(283, 2, 'Rudy Mosciski', 'Vitae fugiat harum provident culpa cupiditate quidem. Et numquam rerum sapiente dolores nemo. Aperiam velit in veritatis autem perferendis et. Quod beatae fugiat rem culpa.', 1, '2019-04-17 02:14:22', '2019-04-17 02:14:22'),
(284, 8, 'Angel Russel', 'Voluptatem et aut sit voluptas voluptatem. Suscipit quia voluptatibus minima doloribus. Fuga corporis deleniti alias voluptas dolores. Veritatis quis doloribus facilis accusamus quis et.', 3, '2019-04-17 02:14:22', '2019-04-17 02:14:22'),
(285, 14, 'Eloy Davis MD', 'Sunt fuga laborum debitis expedita sed. Sit et rem enim aut velit. Iusto facilis esse nulla quod velit et quia sequi.', 4, '2019-04-17 02:14:22', '2019-04-17 02:14:22'),
(286, 4, 'Tierra Mills I', 'Quas id repellendus neque commodi fugit voluptates aliquid. Adipisci qui quia rerum qui ab neque quae. Vel ut veritatis dignissimos similique placeat iste. Ut maiores rem et nam rem quia.', 3, '2019-04-17 02:14:22', '2019-04-17 02:14:22'),
(287, 31, 'Dr. Allison Pouros', 'Quae provident nihil cum quod. Rerum omnis sint voluptas ad libero et tempore. Perspiciatis blanditiis omnis ab debitis esse. Praesentium molestias minus repudiandae sed.', 5, '2019-04-17 02:14:22', '2019-04-17 02:14:22'),
(288, 27, 'Jett Abbott', 'Dolorum inventore eveniet nobis facere autem atque nobis. Dolore eaque velit quidem cupiditate. Fugiat voluptatem sed quo ipsa temporibus natus ut. Temporibus sed illum quia accusamus et.', 5, '2019-04-17 02:14:22', '2019-04-17 02:14:22'),
(289, 34, 'Prof. Velva Hyatt PhD', 'Facere sequi et sunt ea unde. Est suscipit assumenda occaecati consequuntur illum voluptatem aliquam. Magnam rerum alias vel libero reiciendis aut sed.', 3, '2019-04-17 02:14:22', '2019-04-17 02:14:22'),
(290, 27, 'Jacquelyn Kunze', 'Explicabo eveniet et nisi itaque. Aliquam ratione molestiae et dicta perferendis qui vero. Ex voluptatum nobis ea mollitia. Molestias quos rerum debitis dolores magni est.', 3, '2019-04-17 02:14:22', '2019-04-17 02:14:22'),
(291, 7, 'Lucile Parisian', 'Enim ipsum sed at quis dolorum. Aut velit excepturi qui. Nihil voluptas possimus doloremque possimus.', 0, '2019-04-17 02:14:22', '2019-04-17 02:14:22'),
(292, 3, 'Jonathon Gerhold', 'Pariatur eum a architecto qui sint. Neque architecto est ipsum quam nihil totam. Et ipsa ipsa nihil consectetur aperiam accusamus veritatis mollitia.', 1, '2019-04-17 02:14:22', '2019-04-17 02:14:22'),
(293, 5, 'Jaydon Stamm', 'Perferendis est rerum voluptatem et id dolorem. Voluptatum aut aliquid dignissimos repellendus neque molestiae. Corrupti ad ut et aut debitis incidunt et maiores. Optio tenetur blanditiis eum iure et. Enim rerum quis et enim.', 0, '2019-04-17 02:14:22', '2019-04-17 02:14:22'),
(294, 4, 'Rowland Hackett', 'Quia ab consequatur aut porro modi. Quidem soluta maiores maxime voluptates. Ut voluptates facere quis fugit architecto.', 5, '2019-04-17 02:14:22', '2019-04-17 02:14:22'),
(295, 25, 'Hollis Reinger', 'Illum aut voluptatem facilis animi quia velit quis provident. Excepturi nostrum explicabo quia omnis dolore est repudiandae. Culpa et beatae consequatur fugiat iste iste. Tempora ullam animi qui nesciunt non.', 5, '2019-04-17 02:14:22', '2019-04-17 02:14:22'),
(296, 6, 'Crystal Hackett', 'Ad qui ut cupiditate corrupti fugiat. Vel deleniti voluptas praesentium illo minima nam aut hic. Modi aut quis maxime expedita. Accusamus facilis iure perferendis.', 5, '2019-04-17 02:14:22', '2019-04-17 02:14:22'),
(297, 40, 'Nola Tillman', 'Et reprehenderit eos aliquid nihil. Commodi architecto eaque ut corporis dolorum amet quam. Vel aspernatur et praesentium minus. Voluptatum non omnis nostrum dolor praesentium placeat.', 3, '2019-04-17 02:14:22', '2019-04-17 02:14:22'),
(298, 12, 'Miss Vivien Bradtke', 'Expedita animi hic et consequatur voluptatum ipsam. Earum debitis eligendi quis consequatur doloremque et. Sint voluptas asperiores corrupti perferendis labore quia repudiandae. Aut officiis unde assumenda laudantium. Molestiae id debitis esse praesentium.', 5, '2019-04-17 02:14:22', '2019-04-17 02:14:22'),
(299, 17, 'Mr. Chaz Ziemann II', 'Tempore ut architecto et. Rem itaque alias mollitia saepe. Et rerum ducimus consequatur.', 4, '2019-04-17 02:14:22', '2019-04-17 02:14:22'),
(300, 4, 'Prof. Braden Bauch Sr.', 'Impedit numquam ad non autem quod. Aut et rem minima eos. Fuga autem quia sed saepe.', 2, '2019-04-17 02:14:22', '2019-04-17 02:14:22');

-- --------------------------------------------------------

--
-- Table structure for table `users`
--

DROP TABLE IF EXISTS `users`;
CREATE TABLE IF NOT EXISTS `users` (
  `id` bigint(20) UNSIGNED NOT NULL AUTO_INCREMENT,
  `name` varchar(191) COLLATE utf8mb4_unicode_ci NOT NULL,
  `email` varchar(191) COLLATE utf8mb4_unicode_ci NOT NULL,
  `email_verified_at` timestamp NULL DEFAULT NULL,
  `password` varchar(191) COLLATE utf8mb4_unicode_ci NOT NULL,
  `remember_token` varchar(100) COLLATE utf8mb4_unicode_ci DEFAULT NULL,
  `created_at` timestamp NULL DEFAULT NULL,
  `updated_at` timestamp NULL DEFAULT NULL,
  PRIMARY KEY (`id`),
  UNIQUE KEY `users_email_unique` (`email`)
) ENGINE=MyISAM DEFAULT CHARSET=utf8mb4 COLLATE=utf8mb4_unicode_ci;
COMMIT;

/*!40101 SET CHARACTER_SET_CLIENT=@OLD_CHARACTER_SET_CLIENT */;
/*!40101 SET CHARACTER_SET_RESULTS=@OLD_CHARACTER_SET_RESULTS */;
/*!40101 SET COLLATION_CONNECTION=@OLD_COLLATION_CONNECTION */;
